case,shape,n_voxels,r_cbf,spearman_cbf,r_cbv,spearman_cbv,r_mtt,spearman_mtt,r_tmax,spearman_tmax,core_ml_ours,core_ml_ref,dice_core,hypo_ml_ours,hypo_ml_ref,dice_hypo,mismatch_ratio_ours,mismatch_ratio_ref,defuse3_ours,defuse3_ref,ref_cbf_ours,ref_cbf_ref,lesion_ml,dice_core_lesion_ours,dice_core_lesion_ref,dice_hypo_lesion_ours,dice_hypo_lesion_ref,dice_hypo_t4,hypo_ml_t4,dice_hypo_t5,hypo_ml_t5,dice_hypo_t6,hypo_ml_t6,dice_hypo_t7,hypo_ml_t7,dice_hypo_t8,hypo_ml_t8,dice_hypo_t9,hypo_ml_t9,dice_hypo_t10,hypo_ml_t10,dice_core_c25,core_ml_c25,dice_core_c30,core_ml_c30,dice_core_c35,core_ml_c35,dice_core_c40,core_ml_c40,aif_n,aif_peak,k_av,n_baseline,seconds
case_1,"(256, 256, 8, 49)",130492,0.9874030386712078,0.9836286052132023,0.9865447317103647,0.9799703477209484,0.8656316133734187,0.9250103927083447,0.836026915393232,0.9334771345991213,0.0,0.0,,32.655735478461196,18.459455612897678,0.6860714618901017,inf,inf,True,True,12.825477600097656,166.81109619140625,11.53537151320059,0.0,0.0,0.06517751160030215,0.0670906200317965,0.14564803666446577,227.0975599723653,0.3036048498657336,98.74449686806308,0.6856184173734737,32.70342200807343,0.7518305031936439,12.15052774519847,0.28634361233480177,3.190228831058782,0.0,0.0,0.0,0.0,,0.0,,0.0,,0.0,0.0,9.360865762882495,5,192.67112731933594,2.7884998321533203,8,2.31
case_2,"(256, 256, 8, 49)",101531,0.911041391124054,0.9727188743507368,0.924100623726329,0.971611748181918,0.8473010089222368,0.8542886334887494,0.7301573921626042,0.8668620585213163,0.0,0.0,,0.0,1.2684616876855546,0.0,inf,inf,False,False,31.387760162353516,230.12319946289062,3.318982461011827,0.0,0.0,0.0,0.07484407484407485,0.07862969004893965,27.96338096461689,0.3431151241534989,5.069078097780994,0.0,0.0,0.0,0.0,0.0,0.0,0.0,0.0,0.0,0.0,,0.0,,0.0,,0.0,,0.0,27,27.341773986816406,7.31868314743042,8,3.45
case_3,"(256, 256, 8, 49)",100445,0.9895409951668449,0.9843873818173605,0.9901552202199037,0.9829424660359684,0.9665265198734525,0.9629380586150202,0.9041706365251233,0.9075446730602422,2.894225099996389,2.417417011034875,0.7971274685816876,15.29123541299575,16.96006372436105,0.910408042578356,5.2833607907743,7.015779092702171,False,False,24.777729034423828,253.5309600830078,9.407423595210668,0.20155038759689922,0.1693548387096774,0.39884169884169884,0.4061482820976492,0.8227123187522847,22.171576136710396,0.8961303462321792,18.15685202765445,0.9102185469580626,15.32938006011267,0.8433619866284623,12.993020424201253,0.7814547287082143,11.424321811517872,0.6975741239892184,9.574306426347198,0.6162079510703364,7.986535490105357,0.5873015873015873,1.1586436561764786,0.78719723183391,3.065876012022534,0.5641310383120489,6.1412881858242985,0.37254901960784315,10.685269273627526,6,238.8676300048828,1.4346975088119507,5,3.09
case_4,"(256, 256, 8, 49)",121064,0.9510045469946421,0.98617515915341,0.9541801717067042,0.9549662722668276,0.8494804053714436,0.8578656991769148,0.9107889643527982,0.9425956689883112,6.990006584175793,5.812290604440854,0.8297951582867784,30.773194061576103,38.845555007694536,0.8558317923429902,4.402455661664392,6.683347005742412,True,True,28.101354598999023,201.17808532714844,18.46677728547943,0.3704813635512268,0.319324430479183,0.38849617507504597,0.37237936772046587,0.6614431636378554,77.3859528384537,0.858877086494689,49.135073567484,0.8547195622435021,30.86378759847879,0.644471845458282,19.158149014473626,0.4495508274231679,11.576900399985556,0.29843912591050986,6.975702341506948,0.22769164046405724,5.1304550372258895,0.8453796889295517,4.496300278907076,0.8281306063867958,7.361916893565774,0.6985024018084205,10.947513722556359,0.540387546266057,15.973070980210714,19,61.9549560546875,3.748819589614868,2,2.35
case_5,"(256, 256, 8, 49)",127498,0.9732841571837276,0.9266280517508785,0.9775442263708455,0.9585924121532201,0.270830294712958,0.7711501857724912,0.5491050739896796,0.7108481480651655,3.671716065147855,0.0,0.0,62.63375391651568,89.08918343526932,0.6825696146835125,17.058441558441558,inf,True,True,60.57390594482422,251.46600341796875,26.94658114824744,0.1554275035041271,0.0,0.35451932290003196,0.29596449412344866,0.5451879674475305,200.36602252136066,0.6906430386963441,111.64877915502841,0.682283950617284,65.40899904627679,0.5715955581531268,41.452243836792604,0.4534530889671077,28.772902255976827,0.39037184314057277,23.63249976476983,0.3378431630106397,19.817729826953876,,0.0,0.0,4.11518307041896,0.0,10.60506042712835,0.0,24.62433994860198,18,34.58351135253906,1.0,10,3.82
case_6,"(256, 256, 8, 49)",39470,0.9346092130554693,0.9680427234640798,0.942634051470156,0.9459891124843902,0.7769022795289287,0.8676218061664227,0.6936107975011756,0.7987679268405032,0.0,0.0,,7.176535945516262,6.694921240866998,0.8312134754211069,inf,inf,False,False,11.847090721130371,130.47445678710938,5.192855577851966,0.0,0.0,0.12798766383962992,0.14921780986762936,0.4702488279841327,19.746202890619827,0.6781823013553017,11.244034391712521,0.8222146969183881,7.3815798296738695,0.8106122448979591,4.983043231272089,0.6617100371747212,3.5620414294356464,0.6278069756330625,3.28070214652172,0.6044703595724004,3.1138059617422718,,0.0,,0.0,,0.0,0.0,7.491254465386078,14,36.229827880859375,3.9481823444366455,11,3.55
case_7,"(256, 256, 8, 49)",71566,0.8431873431425749,0.7159831291010348,0.9694112746055407,0.956379553591695,0.3326965353137755,0.3297658547256164,0.4162246598103316,0.41942079667346477,0.0,2.0838492783234464,0.0,47.06476167985442,82.33364078681575,0.3801577037006133,inf,39.51036269430052,True,True,618.936767578125,250.80210876464844,7.093725263515566,0.0,0.40705882352941175,0.03508771929824561,0.10661032297011772,0.37943071965628355,76.99445183276941,0.3647430883803176,74.91600112770587,0.3518920221740178,72.95092046110034,0.3515088808415244,72.69178894462489,0.3515088808415244,72.69178894462489,0.3513383002207506,72.67559322484517,0.3513383002207506,72.67559322484517,0.0,0.0,0.0,0.0,0.0,0.0,0.6797385620915033,2.251205049380511,69,30.6441707611084,1.0,16,3.66
case_8,"(256, 256, 8, 49)",105284,0.943796182168501,0.9515860023145613,0.9594831591195182,0.988814674211744,0.6242965400791264,0.7965522083228892,0.813104497086142,0.8353073929071604,1.166091824139545,1.004134626342386,0.7114427860696517,121.7972113167235,125.63019833125627,0.7607784953744109,104.44907407407408,125.11290322580645,True,True,56.57381057739258,167.95240783691406,6.915572345938691,0.280561122244489,0.25357873210633947,0.0692056035567486,0.07763115021179537,0.6055767571756517,243.58362548692722,0.6991443405271441,172.7975329030489,0.7595295142670442,122.21830003099612,0.7397819815679967,85.8373148324943,0.6937616568772096,68.30274888432187,0.6297152556261157,58.84444853296779,0.5971473091214191,54.53098849830345,0.0,0.0,0.7445887445887446,1.3388461684565147,0.6900175131348512,1.9272906537861927,0.2861016949152542,6.807600880740585,34,99.00384521484375,1.0,16,2.62
case_9,"(256, 256, 8, 49)",136372,0.9892259706200284,0.9858888914448339,0.9875081158703565,0.9550760523281117,0.8264284353579215,0.8824012937517436,0.9124695942631696,0.9537499916645842,16.527490755587618,12.846237765595223,0.787012987012987,76.12850257153961,80.77298497083054,0.9326525650376853,4.606174264281592,6.2876763177431325,True,True,21.741409301757812,217.68978881835938,54.14589080487519,0.2866203360097159,0.24585379742330415,0.5165446559297218,0.5206757616455786,0.7088814024848186,141.45166929421555,0.8713888294457522,97.49121422330896,0.9319940521348588,76.36215723023085,0.8728314185074234,64.07859803046347,0.8076306061240148,55.95790652533776,0.741815503590499,48.71461210590972,0.700399771559109,44.470680550089476,0.7227040249054926,8.320966926861049,0.7850703779851337,17.02817930992596,0.6138276097339095,28.811049955354985,0.4829285462865188,41.06599838058874,26,88.73167419433594,3.3549680709838867,4,2.12
case_10,"(256, 256, 4, 44)",62590,0.959493690866055,0.989918828591435,0.9631408779438841,0.9883234187940456,0.4273403012456312,0.9447979081776064,0.8862268822062868,0.943031168164954,22.75941533502734,22.26827354170913,0.9702425076776449,27.456256756565562,23.15042142291174,0.8874022425327429,1.206369159857532,1.0396145610278371,False,False,37.78304672241211,235.02011108398438,39.62512915023616,0.6307421845142551,0.6234206471494607,0.5095251634916121,0.5017850360805165,0.5206494497112346,64.36818512623802,0.7338062924120913,38.685760865928515,0.8805984104721832,27.84726284444996,0.9160020714655619,22.888161242013666,0.8530011325028313,18.954258528542567,0.7740835464620631,16.00263940170789,0.6817583574624901,13.079630476425727,0.9456945045434877,20.89975223411373,0.9712135082901028,23.698783619334986,0.9348895533905662,26.254628291359843,0.8678874497543546,30.2028361056072,155,128.8316650390625,1.0,4,1.09
case_11,"(256, 256, 4, 44)",56161,0.9855600453016622,0.9858464664865706,0.9819505177722295,0.9801396094149961,0.6801199596216188,0.951895332829302,0.9567028784285231,0.9193785044988761,3.1948058400310746,2.7990313852212547,0.8146380270485283,37.240945687526406,38.41873231810502,0.9504002016764354,11.656716417910447,13.725724020442929,True,True,97.71829223632812,267.1434326171875,3.9291343465456796,0.3360107095046854,0.3571934798015592,0.11952744961779013,0.11980632811620313,0.8167657306825169,54.44521355444001,0.9117647058823529,43.74499817379862,0.9511674617122772,37.355386493736475,0.9258338783518639,34.294094927617145,0.900562851782364,32.5488726329136,0.8829700272479564,31.385391103111242,0.867306762450784,30.41741261725108,0.0,0.0,0.7852257181942545,3.876682310366065,0.46573376390383925,10.194768486546922,0.26652977412731005,20.12727679219577,33,74.94575500488281,1.0,12,1.53
case_12,"(256, 256, 4, 44)",54819,0.960986800943629,0.9831380237396722,0.9451637512933287,0.9589589100227959,0.49596368665283114,0.8866718456360392,0.7342271927770067,0.9145516713643703,5.7411137782050945,5.660051540472963,0.9017147636971978,31.580894147053442,29.101343345835293,0.9171774320289172,5.500830564784054,5.141533277169334,True,True,44.68547439575195,217.98387145996094,17.204267866913607,0.48088113050706566,0.48175182481751827,0.2875574235167628,0.329935125115848,0.5963326052725149,64.66382387561403,0.7640625,44.031100189323794,0.9163016270337923,31.747786989443124,0.922648201317345,27.255985345697944,0.8255629262823507,21.824815417645116,0.7383461694365626,17.843229034919823,0.6155910971927078,13.422952895055932,0.8060556464811784,4.730219990016158,0.9082850323900443,7.0619514165463,0.8386530014641288,9.360304274598507,0.7126663380975851,12.426364207643253,16,51.097900390625,2.6778979301452637,5,1.08
case_13,"(256, 256, 4, 44)",56213,0.9554407201655412,0.9837425478564819,0.959918156982902,0.9873852896659437,0.6583589860326376,0.9142650030267998,0.8302752520040726,0.9005418224419568,0.0,0.0,,46.85874177609757,43.14418394119576,0.9328741721854305,inf,inf,True,True,49.60676574707031,261.7257080078125,7.510177907535734,0.0,0.0,0.19084371162953867,0.19730772851360256,0.8326768917103007,59.76194267628277,0.8854254007398273,53.534455471684886,0.9327330508474576,46.88258361072466,0.9074698519746243,40.28793215286947,0.8578374764480642,35.3097570827315,0.7794959531486477,29.32068822440459,0.6592219546018538,22.187211303976998,,0.0,,0.0,,0.0,0.0,4.296298599802983,42,30.21697998046875,2.8889994621276855,14,1.51
case_14,"(256, 256, 4, 44)",47069,0.9709563912068419,0.9904424058348117,0.9582589845894833,0.9797066093974931,0.8772827983996172,0.9164040780422537,0.9027251903892182,0.9364659146462111,5.483621964232441,5.0067852716904895,0.8336363636363636,41.11285963096705,37.96573746019017,0.9306560540279788,7.497391304347826,7.582857142857143,True,True,69.57058715820312,805.7507934570312,5.431169928052826,0.48230668414154654,0.490634993147556,0.12806064952361437,0.1351499835182947,0.7701887526756178,59.938372252523294,0.8557305812058664,49.70545683057301,0.9293390166296452,41.34650961031261,0.903961665654316,32.5727144675407,0.7736958680210799,24.35204988811746,0.6149987025343828,17.046911758374762,0.4444228338033648,10.952938827688623,0.6121768140116765,3.5381282586612794,0.8193111236589498,8.993140021341203,0.5938062657544112,18.587094275285267,0.4268041237113402,29.106111712760715,24,42.45805740356445,2.985732316970825,10,1.55
case_15,"(256, 256, 4, 44)",62732,0.7510430209596023,0.7183899812937612,0.7616006353240504,0.705950985623112,-0.07301991848016745,0.37401196047175667,0.16119927150680072,0.21888873112061644,0.0,20.50397777930391,0.0,123.82495231929394,56.81032354944809,0.3959136265244707,inf,2.7706976744186047,True,True,463.0882263183594,303.1773376464844,15.892966962423241,0.0,0.26385431678239224,0.1363093409781236,0.36190726044467764,0.38865270155368326,128.4311947692492,0.387313394286895,127.98773664518518,0.38646067851874855,127.63010912577872,0.38496217224582857,127.405995880284,0.3842384964355152,127.30586017485018,0.3834180761647816,127.17711426786386,0.38273463455149503,127.08174692935548,0.0,0.0,0.0,0.0,0.20625124427632888,2.55107630509944,0.3672883787661406,5.187983214856431,13,38.808658599853516,1.0,2,0.97
case_16,"(256, 256, 4, 44)",50411,0.8978512309124882,0.9314617153391891,0.9579483676903349,0.9841114240709466,0.36926043647578394,0.6711671715603877,0.377726597743072,0.537593677210274,3.9291343465456796,5.531305633486636,0.6895161290322581,11.038769432346175,43.277698215107506,0.39978930734790624,2.8094660194174756,7.824137931034483,False,True,655.7994384765625,306.20147705078125,40.187796447435666,0.17682663207955038,0.2405089695452649,0.18914642092525366,0.509483546617916,0.6385094815011272,28.6388117540696,0.48017113707421427,14.677033396441264,0.3988090025396269,11.172283706257922,0.37745228584110074,10.437955199743316,0.3407542026351658,9.198179799134243,0.32323232323232326,8.649817602710998,0.3123844731977819,8.316031917931632,0.5064861816130851,2.3126579588284644,0.6887966804979253,4.200931261294592,0.7276958882854926,6.1511933337911735,0.7012002526847757,8.954993085937847,1403,10.914673805236816,1.0,9,1.46
case_17,"(256, 256, 4, 44)",61695,0.9788953907953712,0.979147673020281,0.9815320837159246,0.9869924557326659,0.8633822533508084,0.900265711448955,0.916827583496356,0.9414385858450524,9.050360424446238,6.632798393258544,0.7473396169048343,40.831525982367296,55.17954206095462,0.8388378445492922,4.51159114857745,8.31919482386772,True,True,26.45318603515625,419.4234313964844,8.201591111721564,0.49364289662797123,0.5470909675345548,0.14878926383351163,0.14896178152272044,0.8914910226385636,66.77144205664945,0.9314491354340384,53.25789019001055,0.8371978049142236,41.05563922786202,0.7226109774764925,31.828849227175255,0.6053433745741438,24.385428456595395,0.5087281795511222,19.178371774037284,0.43163629026834355,15.50672924146426,0.7212898979927608,5.626672971995027,0.7848101265822784,11.100758202376628,0.6776097381040207,16.989691355269727,0.5544613548194569,23.093201019806706,30,39.88826370239258,5.258778095245361,8,1.65
case_18,"(256, 256, 2, 49)",28159,0.9877321092602915,0.9808782862972942,0.9888031786280934,0.9895786381078188,0.8732467404731395,0.8812649579556688,0.8543374633646309,0.8879189945674569,4.329547101570636,5.683722626731496,0.6780952380952381,22.315286823073325,23.621780111432745,0.8133693170022835,5.154185022026432,4.156040268456375,True,True,30.549467086791992,454.5173034667969,5.1210722324745195,0.38143289606458125,0.43777581641659313,0.1334723670490094,0.1712010617120106,0.6557465818329498,46.75720140749082,0.803133514986376,32.30948365665488,0.8141702921068987,22.343896165154188,0.7165048543689321,15.601627881430753,0.5921879267959574,11.224398543058676,0.4464775846294602,7.581475651428758,0.3440366972477064,5.416702100643439,0.555205047318612,2.565304339917404,0.8123587038432555,6.151008547385596,0.7511520737327189,10.051415517743283,0.45046235138705415,22.37250550723505,53,41.01952362060547,3.3669984340667725,10,0.72
case_19,"(256, 256, 2, 49)",29215,0.9687367248080055,0.9923187719482953,0.9723454242752605,0.9945145727515718,0.8344096057531603,0.9542050682090557,0.9219546641457115,0.9645391869230004,22.210165608156608,21.266066683636424,0.9445053739855231,51.06716909904621,58.83929660898509,0.914533622559653,2.2992700729927007,2.766816143497758,True,True,66.18778991699219,788.9442138671875,37.554157219802796,0.340832934418382,0.3407911802853437,0.49392015495534275,0.5182034032449545,0.8753882828866575,73.17243482670058,0.9551480511232833,61.290139271628384,0.9184652278177458,52.50715836775881,0.8359367778907477,44.33450404135683,0.7120526532291238,33.89219775499724,0.6269606230119557,28.103631621828047,0.5572976712012913,23.879027343419555,0.8829201101928374,18.414697204530015,0.954360228198859,23.678763935188,0.8902394106813997,28.65674008265805,0.7813053988718776,36.047413481679676,111,12.71408748626709,6.699674129486084,8,0.46
case_20,"(256, 256, 2, 49)",26710,0.96939088662281,0.914455367832207,0.9903752408657386,0.9799711502098066,0.13659156095071767,0.4653912907704748,0.6278450264244636,0.7547383437131381,4.567912978234013,9.402843834110096,0.5747440273037543,62.55847419042823,60.40325846374579,0.9170156662013339,13.695198329853861,6.423935091277891,True,True,151.08685302734375,195.74752807617188,61.89092949632305,0.12799540823647582,0.2268592830390583,0.6340229885057471,0.6185277604491578,0.7475382105962666,97.45198898658323,0.9008768019022143,67.93697715436139,0.9111504970332126,63.34999147058151,0.9017231882917618,60.794248927435966,0.8638357751841735,54.80541938603522,0.6754563894523327,33.62517987735517,0.4087118855009334,16.221336066755857,0.3962136578769439,3.2328235900236537,0.5608028335301063,5.2831394362038475,0.7037926068170908,8.992780664874058,0.7448680351906158,11.891831907845122,24,18.359407424926758,1.0,18,0.72
case_21,"(256, 256, 2, 49)",29183,0.9974364443862701,0.9814465999718658,0.9970224331886934,0.9828243080457956,0.6590422752097095,0.9220269506133957,0.8104897281156683,0.9248962961378173,0.0,0.0,,0.0,1.2778839462785578,0.0,inf,inf,False,False,18.327571868896484,156.97740173339844,1.611659603888629,0.0,0.0,0.0,0.0,0.0,19.339915246663548,0.0,5.292728284959699,0.0,0.0,0.0,0.0,0.0,0.0,0.0,0.0,0.0,0.0,,0.0,,0.0,,0.0,0.0,1.5067586829254638,18,47.5768928527832,4.395366191864014,8,0.54
case_22,"(256, 256, 2, 49)",29517,0.9778788123847677,0.9761009431177947,0.9831976855678178,0.9935855993956818,0.5339593980686193,0.8204756113306738,0.6367957996938255,0.8131682760988329,0.0,0.0,,22.534625112359944,20.675017877103834,0.8218936217170603,inf,inf,True,True,18.717126846313477,200.24095153808594,4.663322759180708,0.0,0.0,0.1605890603085554,0.1580730146782085,0.7207859358841778,34.65544970728567,0.7902476780185759,28.609342080863236,0.8221780428539872,22.49647932291879,0.766510660426417,16.00215867056284,0.6505169867060562,11.605856437470187,0.47156153050672184,6.990215915090918,0.2619707162643451,3.4235846023433005,,0.0,,0.0,0.0,1.6211960512489167,0.0,5.855378679216676,6,34.01616287231445,6.542878150939941,10,0.81
case_23,"(256, 256, 4, 43)",78466,0.9924302071834311,0.9890693641040863,0.9933817786523361,0.9910409261490185,0.2551928925217856,0.9044151445749283,0.8900778968546028,0.9345470198358969,1.776487192512159,1.4090773413335078,0.788339670468948,42.7729666306223,48.18317762600024,0.9328835227272727,24.077272727272724,34.194842406876795,True,True,359.3597106933594,298.2694396972656,2.7939298573145774,0.23498233215547704,0.138328530259366,0.08399787347155768,0.07429114525582133,0.9411952572957004,52.99180545845929,0.9650170648464164,46.495514793113685,0.9330313526956213,42.7729666306223,0.8984629502179399,39.85387517565346,0.8782242990654205,38.25907417328459,0.8648316307226637,37.225481624913876,0.8524982070284485,36.30090079062914,0.0,0.0,0.7868020304568528,1.7724497216200858,0.33589990375360923,6.98078717239437,0.19123287671232878,13.327691414733266,35,9.153321266174316,1.0,9,1.55
case_24,"(256, 256, 4, 43)",87950,0.9933710761940112,0.9884302591829447,0.9905017419749321,0.9790584121352979,-0.34200740640221705,0.7293696277838931,0.8837140465644133,0.9465901946109241,1.1950913840536341,0.0,0.0,35.67913027324988,42.51456849352962,0.9093819383487376,29.85472972972973,inf,True,True,372.5934753417969,236.3092803955078,8.43023922264861,0.0,0.0,0.2797254004576659,0.2574100491361547,0.9511200696321407,45.61938360953383,0.9609075729299675,39.69641381086261,0.9094288960033048,35.67509280235781,0.8728166230436408,33.07092407697067,0.8420243715007136,31.040076218257905,0.823883592574009,29.905546897585367,0.8094136237936678,29.025378243113433,,0.0,0.0,1.1991288549457073,0.0,7.174585775213878,0.0,13.872749985163132,53,9.903053283691406,1.0,9,1.65
case_25,"(256, 256, 4, 43)",66861,0.9939575913879867,0.956009652445155,0.996007779876303,0.989478730763927,-0.5155579575730058,0.6472952994837055,0.5272463269913101,0.8179420281787618,20.536585837048886,9.350500503346932,0.5865266841644794,69.19788739389632,122.10038353028199,0.6992892290869327,3.369493251846193,13.058165548098435,True,True,36.19401168823242,163.76844787597656,15.945008967955705,0.6092316513761468,0.5156088484597892,0.24715926540138813,0.17714134181914612,0.8554686694039243,132.06274564374726,0.8077388735531987,94.57184066136797,0.697806861429784,69.60056554756395,0.5981018325076106,53.82290334476881,0.47109221713538263,38.52113350539906,0.33909294951726104,25.38964202670546,0.23661694555917318,16.73467651605715,0.6557892667584038,16.708528584000813,0.5823692357829559,22.199594315832066,0.49757412398921835,28.90915368148873,0.42904745490060897,35.61871304714539,21,31.923601150512695,1.0,14,1.59
case_26,"(256, 256, 4, 43)",66807,0.9949084503993112,0.9928393527466838,0.9943141625813311,0.9927111713693174,-0.1177307435896399,0.8907690521983245,0.8447051161780446,0.9389631151863406,0.0,1.3103472311052824,0.0,1.5735610853884396,0.0,0.0,inf,0.0,False,False,21.20977210998535,278.48260498046875,2.403256930411435,0.0,0.0,0.0,0.0,0.0,26.086781775585077,0.0,10.213841954248599,0.0,1.5735610853884396,,0.0,,0.0,,0.0,,0.0,0.0,0.0,0.0,1.0642994977536355,0.2786985880908533,8.00513439439428,0.1714498695490123,14.036164881664881,10,48.94337463378906,4.516720294952393,5,1.0
case_27,"(256, 256, 4, 43)",57156,0.9933018608978145,0.9919276518960415,0.9912531152381145,0.9896164999240433,-0.2751798507945819,0.7739800787433113,0.7799537927419152,0.8566594753468939,10.311116639527157,9.572973439472216,0.9317985611510792,13.378130245956989,14.316544856879549,0.859504132231405,1.2974472807991122,1.4955170352659892,False,False,21.0102596282959,277.99615478515625,27.139637192717704,0.5310924369747899,0.503428927680798,0.5615026126253354,0.5932367149758454,0.49354313619099294,38.49788720906699,0.7236197321136884,20.79961652867992,0.8497026860775067,13.675676342103166,0.8318232044198896,11.661518152805963,0.8014605203103605,10.843266388403974,0.7349397590361446,9.515753036367181,0.7222222222222222,9.252539182084025,0.9033391915641477,9.212484899910502,0.9246684350132626,11.249531250449717,0.8368728121353559,14.196382010358978,0.6310815540777038,22.37317761406836,25,37.304725646972656,4.810582637786865,4,0.9
case_28,"(256, 256, 4, 43)",85755,0.9981856982472916,0.995235532554734,0.9968488342507774,0.9952007736611544,-0.44558099563203024,0.7633460145787344,0.9146432348731787,0.954554049531726,11.07344970703125,13.714416503906248,0.8684304612084376,31.95303955078125,33.588134765625,0.9563924007842607,2.8855542216886754,2.449111470113086,True,True,87.70044708251953,110.08480834960938,35.45364990234375,0.3401904761904762,0.32552271088680607,0.6459374178280305,0.6446312816892369,0.8426367461430575,45.39715576171874,0.9440679039716222,36.36646728515625,0.9545914580662573,32.08597412109375,0.9055319148936171,28.891113281249996,0.8702346041055719,26.852783203124996,0.8305936073059361,24.637207031249996,0.782670906200318,22.15576171875,0.7161349976883957,6.890441894531249,0.9007579763793407,12.859204101562499,0.7739946756340199,19.3464111328125,0.6545411597968583,25.23984375,34,51.44038772583008,1.0,11,1.12
case_29,"(256, 256, 4, 43)",69034,0.9802927606400427,0.958150601401738,0.9906201710910678,0.9915342645290519,-0.31774058083119494,0.5098352030748978,0.13625942938737812,0.5943505936689019,8.024816894531249,7.7811035156249995,0.6750770955985422,3.4252807617187497,46.08398437499999,0.13586324174348877,0.42683600220872453,5.92255125284738,False,True,443.8678894042969,139.50558471679688,34.740234375,0.3338514143612061,0.3145060441850771,0.16277719725995587,0.6599780701754386,0.18069779552161083,5.228759765625,0.17690033049225953,5.1224121093749995,0.14700399467376832,4.089953613281249,0.1296063275211217,3.4740234374999996,0.1250788501396774,3.3455200195312496,0.11965657478535924,3.2037231445312497,0.10953420669577875,2.8802490234374996,0.5315119528096864,4.3248046874999995,0.64739336492891,8.75152587890625,0.6356092040739344,13.546032714843749,0.535666931848316,23.471813964843747,245,7.877539157867432,1.0,14,1.54
case_30,"(256, 256, 4, 43)",83976,0.9781298018231451,0.9911020655355187,0.9850123152772494,0.9875217530846576,0.047348210707249226,0.8516030642652536,0.8718344037540012,0.9338981169821812,7.2391853094870475,7.08576141558827,0.8878241262683202,53.15330429414221,48.922034799249616,0.921208765129341,7.342442833240379,6.904273504273505,True,True,22.49445343017578,272.287109375,28.738717809776244,0.3788575917405454,0.3707877831624028,0.4585120544298181,0.4859890824018716,0.7247676260497923,85.05739928330375,0.852700606402482,64.48648508819137,0.9259908803928446,53.56512632513367,0.8998288369060233,49.039121455119734,0.8631205972919391,45.683983143807,0.8232517482517483,42.34499471606255,0.7778131683123265,38.699158500520554,0.7006802721088435,4.18281984418772,0.8876080691642652,7.7236818165358185,0.6814143245693564,14.579307391275924,0.42360801781737195,28.569144032309175,23,35.34032440185547,7.889430046081543,6,0.93
case_31,"(256, 256, 4, 43)",65650,0.9391847520482715,0.8598496335357364,0.9679219909703904,0.8711080235346015,0.019404971246935424,0.4870954945396294,0.011088189637225012,-0.10503600346259137,0.0,1.4115662770719306,0.0,14.851267732010312,79.60935584458137,0.07240199947382268,inf,56.39788732394366,False,True,221.93113708496094,164.423095703125,17.435825704113846,0.0,0.12658227848101267,0.010775862068965518,0.23784891165172856,0.10571306453910813,58.43586168850242,0.09591658043460957,43.773465500607365,0.07751281291033081,36.233514647374555,0.06751713963377592,33.43523361219323,0.0662245839005753,32.06840006925386,0.06600747088551967,31.98887520857375,0.06579005233299617,31.909350347893643,0.0,0.0,0.46612466124661245,1.4065959732794238,0.5392857142857143,3.3052520220170205,0.41624930439621594,6.670147689544122,51,8.739078521728516,1.0,4,1.5
case_32,"(256, 256, 4, 43)",62684,0.9924216476559733,0.9859296435230992,0.9914497123142557,0.9919284336506932,0.4607160301301693,0.9126893692312393,0.8979248761298457,0.9174436783302365,13.49044189453125,10.67788916015625,0.7848443843031123,65.996876953125,61.1348671875,0.9104784771051277,4.892121212121212,5.725370086778969,True,True,25.170516967773438,249.2853240966797,41.76858837890625,0.37699743539159597,0.3350654749532322,0.6205047797278843,0.6377456433073786,0.7162559644421204,105.6451494140625,0.8264268366727383,82.501546875,0.9045448737061805,66.83083154296875,0.8985720189173056,57.57557080078125,0.8540439733019238,49.92826171875,0.8188920091907071,45.61677099609375,0.7778013582342954,41.5996171875,0.7418598593383694,8.753797851562501,0.7958408318336333,15.0874921875,0.6442420681551116,24.93687744140625,0.4802582033351264,38.4927275390625,10,36.11408996582031,4.6230669021606445,6,1.03
case_33,"(256, 256, 4, 43)",54477,0.9895732479257886,0.9917536614131409,0.9874590371177037,0.9846758176527772,0.653323704057052,0.921407354613207,0.945314043739376,0.9622749211474367,7.63095703125,6.94962158203125,0.8014953271028037,72.46683837890625,65.10296484375,0.9297515749435398,9.49642857142857,9.367843137254901,True,True,21.753826141357422,250.34918212890625,18.98473095703125,0.29162400163833707,0.294661622530475,0.3686971033496245,0.39437350100473195,0.7380499516697328,109.70590869140625,0.8492263404102195,86.37153222656251,0.9290945801496496,72.57585205078125,0.960484765725015,62.628354492187505,0.8903011881735285,53.253178710937505,0.8133517677266443,45.284279296875,0.7307814317436819,37.9912646484375,0.4582571602681292,2.06580908203125,0.7980406932931424,7.5873515625,0.6155388471177945,14.86946484375,0.4059278350515464,26.959081054687502,27,30.225963592529297,5.782382011413574,5,0.95
case_34,"(256, 256, 2, 43)",32489,0.9868244511076073,0.9909291108274856,0.9841457666166317,0.9908485885754328,0.034496880181488006,0.9243199195113196,0.9167510538013754,0.93957136906347,10.308410065659098,11.103658672460186,0.8607242339832869,37.82401186097673,32.84376746088492,0.8982979321986214,3.6692381870781103,2.9579230080572962,True,True,56.856136322021484,406.06353759765625,15.70615998432148,0.08406572411157814,0.10456062291434928,0.3851439182915506,0.41646191646191644,0.5969321751986694,74.73348782413221,0.8045084533500313,46.53198410544864,0.8956521739130435,38.032764620262014,0.9440538061754815,32.18768736027402,0.869390488948426,26.521541036816274,0.7738766599963617,21.799752433934813,0.6788522012578616,17.734043931664253,0.7602977667493797,7.803376954235673,0.8996342950020317,12.236887937151735,0.7614593077642656,19.652581195571877,0.6518164942985946,25.259083873519547,33,83.77999877929688,1.2649950981140137,6,0.73
case_35,"(256, 256, 2, 43)",31071,0.988036436033492,0.9765498752251722,0.9921793444673663,0.9916369677139588,0.5447704323825249,0.8567955703125686,0.7913243678132666,0.8487228047283082,6.640325866789082,6.401751284748755,0.8475609756097561,49.31535422925245,42.098473122532575,0.8405828621139626,7.426646706586826,6.576086956521739,True,True,27.294950485229492,348.865966796875,12.296531582661817,0.3958005249343832,0.37320574162679426,0.271377863827041,0.2997076023391813,0.5598342024334804,106.5334914885907,0.7176409185803758,72.11910802927363,0.8383739837398374,49.54398820370776,0.8434705956428661,36.78024806455031,0.7142644652684813,24.672588026003744,0.5610450510802211,17.19725112207352,0.469237668161435,13.260770518408137,0.7183098591549296,5.357987488322328,0.8392156862745098,8.98630925685229,0.8075471698113208,12.316412797831845,0.6272273699215966,19.13566960115117,27,47.75370788574219,3.2853949069976807,7,0.42
case_36,"(256, 256, 2, 46)",38851,0.9950874666759904,0.9867348660230305,0.9929731909919838,0.9907223679701297,-0.30026386666310856,0.7256456819935933,0.8022888528222039,0.8712934583307548,18.691223857441404,13.954729977362867,0.784393063583815,29.40966419164304,26.86214756291554,0.824279007377599,1.573447753659768,1.924949290060852,False,False,18.715038299560547,202.421142578125,63.89549114719495,0.4444190563235462,0.3524421282268816,0.5310951562341996,0.5503690612329764,0.4814611872146119,76.45380460214422,0.6802577929764566,44.874033652696276,0.8092181069958848,30.456976583453233,0.8017057569296375,21.81429053932586,0.7856006364359587,20.57827321205437,0.7728554168344745,19.99328791212435,0.7624084621643613,19.52152557347111,0.7489986648865153,13.256521716156069,0.7639574136587899,21.32365770712649,0.6813907719221518,28.13590587727929,0.5602975030989906,38.269360911550905,14,29.679258346557617,4.388034820556641,5,0.68
case_37,"(256, 256, 2, 46)",28702,0.9736634923872103,0.9335566538532831,0.9753859988545692,0.9838469693266634,0.09415150150061175,0.7585898343063714,0.5567761606483211,0.6508542297563249,28.126470630506223,8.689862277992697,0.44131214761660686,26.45643195167375,47.10075189113957,0.6641867624422781,0.9406239516940624,5.420195439739414,False,True,18.44672393798828,206.697509765625,89.60653860379658,0.4614521557941978,0.17623344211940872,0.4261442159174051,0.6088756988059908,0.7598224916116463,40.07149304520628,0.7256104617521121,34.42921547491352,0.6500941619585687,28.050988656321707,0.6128321451717433,25.692176963055502,0.5548614883215643,22.38040534570975,0.5180538129095218,20.57827321205437,0.4746105020196192,18.304378739745747,0.522883637451391,21.672761837729887,0.4467306812985825,31.400501260759714,0.3937704287636993,39.203450342084324,0.34268735556289204,47.28945682660087,13,26.09221076965332,5.037834644317627,6,0.68
case_38,"(256, 256, 2, 43)",45320,0.9956897918071982,0.9914894342008244,0.9940518946325715,0.9770818227659483,0.49573673243198624,0.8949762206174204,0.9263828291673818,0.9638321517346427,6.669901913704742,6.088506105246218,0.7544303797468355,63.81626492010724,57.760058581997605,0.9358395324123273,9.567796610169491,9.486737400530505,True,True,23.778369903564453,235.30908203125,2.785854915530431,0.1161400512382579,0.0018198362147406734,0.06062075654704171,0.06801813817017871,0.6997927563406691,105.88671161550882,0.8374681745514833,78.61763321044718,0.9345980366144866,63.977763755790164,0.9439743215640501,52.93124339507819,0.8993739502214079,48.00552890674902,0.8452715168043635,42.910240640952786,0.7755345429764035,37.03168302209437,0.3944153577661431,1.8572366103536209,0.8383359662980516,7.937667773815692,0.6513134220942786,15.043616543864328,0.4352997145575642,26.55040858627263,35,46.3885498046875,3.8413383960723877,7,0.46
case_39,"(256, 256, 2, 43)",48522,0.9899117355250782,0.9554502090788284,0.9959733232802654,0.9880250024093311,-0.31523225590182496,0.37361543284908827,0.7125856296677635,0.8516065107440997,2.6566558469840924,2.2206089906401987,0.8509933774834437,33.14763602392006,51.647327651398946,0.7349776211789354,12.477203647416413,23.258181818181818,True,True,73.70323181152344,224.5831756591797,11.644066052738788,0.334274421230943,0.2865463016889924,0.3014241932576167,0.24011227353916814,0.822231248307609,67.63571238400839,0.8168552221675685,46.85081223161612,0.734278375035677,33.22838544176152,0.5005826147751107,17.651822740143544,0.193884740030999,5.66053419068647,0.04068522483940043,1.146641733348757,0.037383177570093455,1.0578173737231493,0.7108695652173913,3.141152354032863,0.8255613126079447,5.062988498659653,0.7250538406317301,6.960599817934005,0.5107632093933464,12.217386919413165,54,28.739656448364258,1.0,14,0.87
case_40,"(256, 256, 2, 43)",45024,0.9927325403387738,0.9839623842808165,0.9944821961175601,0.9866535152578332,0.3135922123314112,0.910752810910066,0.8841407191446768,0.9339035680495111,0.0,0.0,,59.28622257920123,66.79591843845718,0.9209683617266555,inf,inf,True,True,200.31661987304688,234.77944946289062,9.988702986988821,0.0,0.0,0.23732369740062945,0.21979177621200968,0.8273839619779553,92.91028016838591,0.9360593073091625,72.62602640661072,0.9205556622495359,59.342747171690256,0.8508621281857526,50.75100911335873,0.7702613176297387,42.90216569916864,0.7130086313193588,37.984526152623616,0.6281766592647422,31.38729871497619,0.0,0.0,0.0,0.0,0.4386252045826514,3.617573919297487,0.18902439024390244,11.926689015183904,45,15.266414642333984,1.0,10,0.82
case_41,"(256, 256, 2, 46)",45800,0.9953391966081646,0.9881297533797987,0.994953076107768,0.9889439285153695,0.5786312849034512,0.9058252219634826,0.814713321645349,0.9244388214039524,1.5423138807719199,0.0,0.0,8.462538989785195,2.406332651675561,0.4115898959881129,5.486910994764398,inf,False,False,98.49016571044922,214.0077362060547,8.397939455512024,0.19821283509341997,0.0,0.27298850574712646,0.2436472346786248,0.07189701238766091,64.08273799898406,0.16019818331957061,26.9299308501275,0.4106745737583395,8.486763815137632,0.7631205673758865,3.286501306147494,0.850187265917603,1.905686261058498,0.6457399103139013,1.1950913840536341,0.0,0.0,0.0,0.0,0.6822157434402333,1.7118876582389895,0.3118811881188119,5.466735587866962,0.1893063583815029,10.11790205553516,23,37.15298080444336,1.0,5,0.51
case_42,"(256, 256, 2, 46)",42346,0.991256919583698,0.988534586158916,0.9895222533425164,0.9917097039382319,0.006464072636681795,0.8500027351436376,0.8539782596221422,0.9183558148818965,12.451560231153405,12.919906854633883,0.8637810311903247,46.53588950203442,34.77877426431758,0.8351539225422046,3.7373540856031133,2.691875,True,True,127.23790740966797,173.5194091796875,31.815270629535938,0.517694272163444,0.5267148014440434,0.44027620323611255,0.48769249424032984,0.5755707607885645,84.41544141146413,0.7071970644650154,62.047852669379225,0.8282450265905063,47.214184611902695,0.8959965187119234,39.44609061555408,0.9022714036109494,34.54460095257735,0.8580750407830342,29.5704368135433,0.8029158383035122,26.14666149706532,0.7828382838283828,9.899878627363213,0.8417344173441734,15.22934020489969,0.7930263746088512,21.560094563670294,0.6848012174243865,27.88277398065675,54,22.8160400390625,1.0,5,0.47
case_43,"(256, 256, 2, 46)",43296,0.9959282075816325,0.9963260842447832,0.9945131512914615,0.9968405909556712,-0.2390690612702148,0.831953616003321,0.8234606331080653,0.9186324495208019,51.37210051016518,49.80091666059159,0.9696801626918099,71.4982174404174,76.30529183732709,0.9326752720830169,1.3917713453486256,1.532206572769953,False,False,94.76447296142578,220.4143524169922,96.76809102105938,0.6363636363636364,0.6240428790199081,0.66929746554024,0.6884253755538744,0.7622772277227723,112.61086150425977,0.883718238120044,85.27413297864302,0.9270931622318677,72.36797992857421,0.8857824301046774,64.8580952190052,0.8616343678005149,61.71572751985801,0.8426276969738746,59.36830403031651,0.8262602251275956,57.46043792726286,0.9170172084130019,44.91902398513078,0.9684466019417476,54.98208245025689,0.9067158198429236,63.79193474965168,0.8293505351121536,74.67799427884016,20,35.769344329833984,1.0,10,0.86
case_44,"(256, 256, 2, 46)",35035,0.9880650663286666,0.9911181277232777,0.9900790823276417,0.9940452251531994,-0.07217201420942822,0.8112771559294957,0.8857219007742275,0.9415475942107897,40.937202427404806,40.56067220579352,0.9242813141683778,94.57184066136797,100.63816089843868,0.9468495499357051,2.3101686254471128,2.481175863847344,True,True,192.30670166015625,145.12889099121094,98.58816302522169,0.49280359820089953,0.4867708959711365,0.7434481264890621,0.760079798404032,0.8590763603109283,128.1039487304175,0.9260956175298805,109.38202937807856,0.9412015338730294,95.74326801749197,0.902514138529593,86.15220653922673,0.8497500735077919,77.22007294878122,0.8067626953125,70.72492662598654,0.7830312091197907,67.26294042172721,0.8545316070068545,35.61348346073412,0.9317322659550812,47.285920330683986,0.8646279703934554,60.610906506594496,0.7927337173238812,71.24788526711332,32,14.898848533630371,1.0,8,0.51
case_45,"(256, 256, 2, 46)",40871,0.9815975469952183,0.9841216671035853,0.9705320821064182,0.984628317624017,0.7916408561368328,0.9657390296409756,0.9227663045213287,0.9227807216004854,4.626941642315759,4.0455458338572345,0.8733705772811918,29.546211988190862,23.19123280406782,0.8605114071352014,6.385689354275742,5.732534930139721,True,True,25.845232009887695,494.8758239746094,10.07752734661443,0.35365183964854474,0.2915951972555746,0.19645404524149174,0.23398058252427184,0.6594370096908168,46.76198787199051,0.7651331719128329,36.79750971035413,0.8601099572388515,29.643111289600615,0.9339689265536724,22.504862752415395,0.8043212392988178,16.384056880032592,0.7410926365795725,14.163447889392394,0.688050598599503,12.516159765426575,0.8507751937984496,3.7063982789230954,0.8772504091653028,5.240637217910869,0.6401790710688304,9.802979325953459,0.4400921658986175,16.400206763600885,14,45.4986686706543,5.719080448150635,2,0.55
case_46,"(256, 256, 2, 46)",43452,0.9922300269289367,0.9920129870668187,0.9841024547215573,0.9680929925181833,0.540506327565212,0.8462042282954185,0.9037573141873556,0.9492842947143415,12.814932611439984,9.286183051768104,0.80306905370844,56.17736999230495,56.66186649935373,0.968512952626306,4.383742911153119,6.101739130434783,True,True,24.252317428588867,302.9267883300781,13.162155108158268,0.533416226297793,0.5107913669064749,0.3013858157680214,0.303689140742454,0.8302965344765988,78.94870582359718,0.9214276201891064,64.60760921495357,0.9680326110276765,56.25004446836227,0.9261653106227663,49.53169290395265,0.8632664571750867,43.55623598368448,0.798841764605689,38.15409993009069,0.7556968733439322,34.762624380749294,0.7393034825870647,6.427653660180357,0.8134878819810326,13.186379933510707,0.6336218200891687,20.986773696995915,0.49389747762408465,29.893434484909147,17,58.33967590332031,4.25055456161499,3,0.68
case_47,"(256, 256, 2, 46)",37103,0.975468883315967,0.8965429792499382,0.9957901890115693,0.9939275332068186,0.05972264784336327,0.4051895968556389,0.23773235333862622,0.2534750737965686,0.0,18.234877440088887,0.0,13.933270746276845,44.83150593779578,0.4060264799878253,inf,2.4585581167238844,False,True,1016.1423950195312,276.77203369140625,56.698932305131706,0.0,0.4592433464613916,0.3342618384401114,0.6747115299920726,0.4558971492453885,35.16406968829304,0.46596455175956847,24.79907559655051,0.4030566376985316,14.854404820003747,0.37242895273983356,12.126774795860976,0.3540639414665182,11.393444756583248,0.33580167417900836,10.722716062121911,0.32950315585046125,10.427595436558923,0.0,0.0,0.0,0.0,0.22797927461139897,3.0138076004462753,0.5677210056772101,11.930027712152318,47,2.5623762607574463,1.0,7,0.84
case_48,"(256, 256, 2, 46)",35956,0.9796746518520897,0.9743620167826957,0.9762613406461493,0.9691158475048073,0.24986797080832485,0.8196054387317727,0.7000683136023809,0.8840197938432705,10.043044318401089,8.200776170947282,0.8450980392156863,19.737309715682283,39.41201808654817,0.660114907771394,1.965271593944791,4.805888767720829,False,True,346.21142578125,258.023681640625,44.92987947965011,0.36050105742638683,0.30533580205352634,0.5468123357765178,0.6904888134874351,0.7893347412882787,28.340523103306367,0.7097051245347838,23.064124040210515,0.6531039640987285,20.372266213105682,0.5988173046996577,18.056016454899197,0.5692038773240108,16.86659090338776,0.5538955823293172,16.258463553742814,0.53515625,15.53407656372457,0.8492462311557789,8.281263614282643,0.8524173027989822,11.572305741772938,0.7742888806797192,14.693429933333027,0.6463414634146342,19.817797159017644,57,5.920135498046875,1.0,10,0.87
case_49,"(256, 256, 2, 43)",42997,0.9953948848675803,0.9877407740756079,0.9949408053313211,0.9929440977915605,-0.28598093860341073,0.8317872056500083,0.8010535207796029,0.9166391295386581,4.190894785971866,2.923128925860916,0.7264472190692395,39.316891547007735,33.21223555819323,0.8955689156089958,9.38150289017341,11.361878453038674,True,True,27.853614807128906,229.92568969726562,2.503231953085315,0.0,0.0,0.056381540837999615,0.06556635767578567,0.6312210200927357,71.2775111286583,0.773936170212766,51.80075154529773,0.8947719688542826,39.381491081280906,0.9134895503483217,30.53942982764084,0.8038935012882908,23.199307745851968,0.6870855699400064,17.93444570258866,0.5785237198150368,13.937349519436301,0.49912739965095987,1.2031663258377805,0.775,4.328168796302351,0.4524449220849006,11.603691343818056,0.31057268722466963,18.572366103536208,24,71.93184661865234,2.7484207153320312,2,0.47
case_50,"(256, 256, 2, 43)",40424,0.993458775595841,0.9772676748290132,0.9898473186692881,0.9624109533646694,0.48061669478123925,0.8438155855247994,0.7494431711445013,0.887052500416872,1.0739672572914416,1.138566791564611,0.0,9.439606945666881,34.084329270881014,0.37142857142857144,8.789473684210526,29.93617021276596,False,True,46.50874328613281,159.7567138671875,4.643091525884052,0.011299435028248588,0.0,0.14564220183486237,0.10925771476230192,0.4859748752366202,12.839157436792421,0.40442509974610086,10.440899726901007,0.37074074074074076,9.520356363508343,0.2664039408866995,6.896000283660835,0.19298969072164948,5.079138382227946,0.13412816691505217,3.8436722892535804,0.13412816691505217,3.8436722892535804,0.0,0.0,0.34248788368336025,2.7131804394731156,0.1674740484429066,9.383082353177858,0.18811491538764266,18.233218548602068,44,118.97423553466797,1.0,7,0.7
case_51,"(256, 256, 2, 46)",29855,0.881047497566881,0.8106078334818916,0.9798609414937284,0.9914138805843496,-0.08001899816484317,0.35014294691728864,-0.18806458662297884,-0.0325759068613139,0.0,10.6976953125,0.0,187.7329248046875,85.3024921875,0.3173629743196627,inf,7.97391304347826,True,True,233.6027069091797,284.8289794921875,0.7790712890625,0.0,0.0,0.0011102886750555144,0.018100769958125085,0.3050183598531212,199.698064453125,0.30490492124377705,199.651552734375,0.30428215699881617,199.5469013671875,0.3036961404941801,199.4073662109375,0.30341897798292555,199.3608544921875,0.30334967320261436,199.3492265625,0.30334967320261436,199.3492265625,0.0,0.0,0.0,0.0,0.0,0.0,0.2153846153846154,3.976751953125,37,45.3414421081543,1.0,6,0.71
case_52,"(256, 256, 2, 46)",27310,0.9357579877665674,0.9440191361527424,0.9446211139363977,0.9950376442935012,-0.1749541921357755,0.7007167162476478,0.807754721342235,0.9110979158075834,9.0581572265625,11.0697890625,0.7082611207394569,104.8025302734375,87.7094736328125,0.8701377144237739,11.569961489088575,7.923319327731093,True,True,307.8201904296875,272.21356201171875,4.1046591796875,0.28975265017667845,0.2850574712643678,0.06961349562246423,0.08105369807497467,0.7855805243445693,135.5235205078125,0.8251584918251585,121.0816318359375,0.8459154435413134,110.83742578125,0.8486846120979064,102.488572265625,0.8364062805394489,90.46529296875,0.7558969584109249,61.8489580078125,0.3279410146362936,17.651197265625,0.1527777777777778,1.1162812500000001,0.7125,10.04653125,0.7313493681206685,16.2442177734375,0.5584415584415584,28.907033203125,48,19.307992935180664,1.0,5,0.67
case_53,"(256, 256, 2, 43)",37535,0.9956438500081926,0.9944927503559509,0.9956646979978504,0.9944866970770772,0.9594904175955461,0.9802489595377197,0.9674120478088758,0.9520923195954075,8.312452407070104,8.30301716029704,0.909710391822828,37.54284691002491,34.11785233140238,0.9163923633969717,4.516458569807038,4.109090909090909,True,True,32.313323974609375,463.6654052734375,3.3400773576649456,0.32388663967611336,0.30307941653160453,0.1080083083314101,0.11889168765743073,0.7322826639552619,58.59288246073252,0.8375409069658719,46.52520183798262,0.9161629434954008,37.5994583906633,0.8983636090677075,28.645409203024787,0.7949818421921426,22.955955398866703,0.6944045911047346,18.40816645424946,0.5954404945904173,14.634067745023533,0.5655172413793104,3.5099117995801126,0.9178590355060944,9.001225421503836,0.7592668024439918,14.360445588604653,0.5355912743972445,24.06931451808835,16,61.89033126831055,3.4079079627990723,6,0.66
case_54,"(256, 256, 2, 43)",34695,0.9760317062693282,0.9939761975610294,0.9773143701237031,0.99392833283245,0.7862659936014126,0.979427381570926,0.954242761752317,0.9620962170344107,10.491994411648077,9.59564596820692,0.9271958666040394,38.59015930183511,35.63692706186582,0.9480106775136646,3.678057553956835,3.713864306784661,True,True,22.938814163208008,221.96876525878906,5.934770220257771,0.46869615163699024,0.47509113001215064,0.1589319771137953,0.16886064457557876,0.6706029701198783,69.83026136745272,0.8370585605721949,48.789661063518174,0.9477697293175753,38.60902979538124,0.9420935412026726,32.145885755831834,0.8408013457715247,26.060151587205027,0.70362765229295,19.50265507992498,0.5775441231693579,14.615197251477404,0.7664739884393064,6.2555686105419746,0.9353818346136467,10.812792801932282,0.7440725244072525,16.992879438289737,0.6337986337986338,21.70106757804908,17,48.01224136352539,5.3561787605285645,6,0.76
case_55,"(256, 256, 2, 43)",44987,0.9861193816942699,0.9896321303602463,0.9838660125211114,0.9823565603765523,0.10484909936312556,0.813527621765121,0.6459043672280177,0.9069033322905093,0.0,0.0,,1.3000656272475346,1.4292646957938733,0.8579881656804734,inf,inf,False,False,26.84313201904297,372.35223388671875,4.400843272359666,0.0,0.0,0.0,0.0,0.1542674577818348,16.2629327532704,0.6049149338374291,2.8423795080194543,0.8629737609329446,1.3404403361682655,0.8414634146341463,1.2193162094060728,0.7974683544303798,1.1224169079963187,0.7936507936507936,1.1143419662121725,0.7898089171974523,1.1062670244280264,,0.0,,0.0,0.0,6.896000283660835,0.0,12.52423470721072,22,58.49833679199219,2.6573262214660645,9,0.53
case_56,"(256, 256, 2, 43)",40405,0.9905031876998194,0.9942465511264132,0.9887911073752587,0.994542140009598,0.06241367961067849,0.9305235270320812,0.8809842925248269,0.9264713266898968,5.232562276126723,4.982239080818191,0.9106719367588932,12.459635172937551,14.68024416357775,0.9074680154715858,2.381172839506173,2.946515397082658,False,False,21.1574649810791,202.32431030273438,19.62210853547521,0.3996101364522417,0.3892353134230391,0.6010571356657438,0.6177024482109228,0.7263619286161553,24.006801924266586,0.918918918918919,15.197040437763105,0.9053131493024636,12.52423470721072,0.8329097839898348,10.739672572914415,0.7885186407126361,9.794904384169312,0.7594594594594595,9.221583517494935,0.7337931034482759,8.737087010446164,0.6515533165407221,3.181527062953594,0.8978829389788294,6.532627903374258,0.5671213208901651,16.061059208666748,0.4151238591916558,24.531673140236087,21,39.53934097290039,3.8753530979156494,9,0.52
case_57,"(256, 256, 2, 46)",36944,0.9853092664419316,0.9461719250544952,0.9924863918860862,0.9710692223247943,-0.05572915019019172,0.41876719394549,0.14555904168453743,0.4408098941830519,11.102880850822444,19.227977565408985,0.635343618513324,11.124150737509844,50.31391695904309,0.3593560671628873,1.0019157088122606,2.6167035398230087,False,True,379.5417175292969,171.97726440429688,48.12311863024096,0.3591309032142216,0.52202747513027,0.3385388619637408,0.6277009507346586,0.5332527206771464,20.04686820287386,0.4872317092276359,17.56892640379184,0.3954727030625832,13.580822649904466,0.3554567225453301,11.85796182822512,0.3418420144877544,11.347484547727538,0.30885719316781124,10.081926289827278,0.2676767676767677,8.646208938427824,0.4395365677045619,7.157316870309871,0.6057988895743368,12.262089675285708,0.6906283280085197,17.728450553947333,0.7268623024830699,24.896402367600903,57,3.2457761764526367,1.0,8,0.75
case_58,"(256, 256, 2, 46)",36132,0.9940423330823391,0.9952308680933759,0.992643476828039,0.9934028157892413,-0.006030401233022543,0.880478771394396,0.8938562568252713,0.9649609384461504,21.8760784579902,20.28083695643525,0.9419778002018163,62.012354637112715,58.93885601078352,0.955069023124945,2.834710743801653,2.9061352910330362,True,True,143.54476928710938,199.7920684814453,37.83912841688339,0.5777382012466608,0.547483989021043,0.5655554372137608,0.5764835164835165,0.723287312700386,103.31847458404219,0.8661268768178603,76.07174973748367,0.9519406890536415,62.7142608977969,0.9102601017372108,51.59011016028705,0.8307565450422594,43.96485578285439,0.7646546088472435,38.39214547075577,0.713669391462307,34.4572164335869,0.8710616891713,17.49448180038594,0.9508045977011494,23.588304336325844,0.7888002966808826,34.68055024380459,0.6348072055977371,48.76121523086294,56,17.751230239868164,1.0,2,0.54
case_59,"(256, 256, 2, 46)",26598,0.9883740979700174,0.9939458491330231,0.9889755189375994,0.9943309726470624,0.4030338074255015,0.9546781750140311,0.9059975327815466,0.9683428921867607,7.346786541916831,7.147213393070194,0.891566265060241,8.057765884682976,6.086981039822434,0.8289241622574955,1.096774193548387,0.8516579406631762,False,False,53.89118194580078,519.91748046875,15.017879450709447,0.42610150585610707,0.3871693866066404,0.492972972972973,0.5378250591016549,0.18955249276841926,66.13355219905439,0.3768214164689936,29.63661260372562,0.9090909090909091,8.057765884682976,0.8078512396694215,4.9020154685455255,0.7242524916943521,4.0912495513560625,0.5749690210656754,2.893810658276239,0.5443037974683544,2.6817641876266873,0.6223224351747464,3.4426368176044915,0.8803278688524591,7.596252977975127,0.7395264116575592,12.922361387819757,0.5478221823080377,20.156888033510356,33,43.38362503051758,2.604804515838623,4,0.68
case_60,"(256, 256, 2, 46)",24987,0.9927754502391886,0.9921094213283066,0.9927507855517428,0.994846363952619,0.7434855718344191,0.9535662025973339,0.8461119299641787,0.9408500622381085,4.615129067078485,6.124401005231179,0.8362369337979094,18.660089417160577,13.408820938133436,0.7833527810190587,4.043243243243244,2.1894093686354377,False,False,25.4067325592041,486.2884826660156,13.857860523038369,0.48480756245779877,0.5480649188514357,0.46490218642117376,0.5013723696248856,0.31474926253687313,71.16030088562907,0.5532583093431039,34.25174167080411,0.7827438787407696,18.685036060766407,0.857002457002457,11.97438893079823,0.6468769325912183,6.7605404171798344,0.5770750988142292,5.525681558691267,0.49230769230769234,4.428029240034762,0.5989010989010989,2.7191841530354317,0.831081081081081,4.714915641501803,0.7934875749785776,8.19497242451504,0.5632698768197089,15.915958620519316,58,37.54385757446289,4.230011463165283,5,0.48
case_61,"(256, 256, 2, 43)",37091,0.9626171062496949,0.9108250238515313,0.9793673502487712,0.9929804999375674,0.2173913357622365,0.6497306332526196,0.47226010952372816,0.6196196178483365,0.0,8.660195097059576,0.0,80.98537516489408,64.82595315407639,0.7356717595581379,inf,7.485507246376811,True,True,411.744873046875,380.0475769042969,36.669859915810235,0.0,0.3281033687125058,0.39470175126677925,0.510717230008244,0.533680312281053,144.21107487712248,0.6868594555780403,95.43995200563843,0.7279312548824657,82.49149605133921,0.7467932082746348,76.278747394753,0.7723469148353796,68.957326418978,0.7862658123870544,62.545853478763604,0.792475623436017,56.427237377580205,0.0,0.0,0.0,0.0,0.1716937354988399,1.338774121284572,0.4732824427480916,5.627034978524217,18,6.437119483947754,1.0,9,0.83
case_62,"(256, 256, 2, 46)",34834,0.996429001082149,0.992191002199008,0.962146298504495,0.9928089669404315,0.4050283241466842,0.9477507485483919,0.8896251044158483,0.9578833738327002,3.230656384886288,1.7145941707497059,0.5912408759124088,29.112004183360796,31.56658110148669,0.9339678762641285,9.011173184357542,18.410526315789475,True,True,27.888391494750977,358.47564697265625,7.7246979482197276,0.2652388797364086,0.0,0.12640862322390986,0.1281580156178227,0.7690917306823317,48.3154588957575,0.8729768224783115,38.12715984956583,0.9174579985390796,30.203929944732977,0.8282828282828283,24.717228598333918,0.7422360248447205,20.73756528622539,0.622087516575109,16.07206430581698,0.5244769449522649,12.859456280622794,0.0,0.0,0.4742268041237113,4.773791138561023,0.3277814790139907,11.316321526948059,0.19783740488586304,20.304404653614938,54,46.70888137817383,4.3343658447265625,2,0.55
case_63,"(256, 256, 2, 46)",30032,0.9893777336838641,0.9861149766791248,0.9793906396531736,0.9863089453084732,0.9285195522730942,0.9732913411140103,0.8734054995582743,0.9436570257635167,0.0,1.2814335381392539,0.0,9.006131486358981,16.66766017565635,0.686115992970123,inf,13.007042253521126,False,True,22.964235305786133,317.4257507324219,4.945250555635994,0.0,0.37971014492753624,0.2755498059508409,0.2405010438413361,0.819216757741348,22.966537708200008,0.8433950986252241,13.527245589230574,0.686115992970123,9.006131486358981,0.5403921568627451,6.343998431773912,0.4665565648224608,5.188903411479373,0.3656387665198238,3.8172280748796084,0.18493150684931506,1.7777634296720635,0.0,0.0,0.7067137809187279,1.1370466606024365,0.8,1.9221503072088808,0.48085758039816234,4.4759932036413375,34,53.61457061767578,3.6239848136901855,3,0.79
case_64,"(256, 256, 2, 46)",44446,0.9884591142069543,0.9843803025284947,0.9894351392953155,0.9924233901742112,0.3205668637634631,0.8806684986648449,0.8004439319031632,0.850069118133139,1.2031663258377805,1.3081405690316807,0.0,14.373396375780196,17.272300476288674,0.8542995662158714,11.946308724832214,13.203703703703704,False,True,102.09361267089844,206.26856994628906,18.73386493921913,0.1166464155528554,0.0,0.5424390243902439,0.5593182327876205,0.5754576271186441,42.28039518178938,0.8717948717948718,21.14827253267884,0.8540816326530613,14.381471317564342,0.6724137931034483,8.95511043861811,0.4601579325197416,5.224487334342577,0.3860045146726862,4.190894785971866,0.3289166017147311,3.4480001418304176,0.0,0.0,0.0,1.1950913840536341,0.32922535211267606,7.598520218881553,0.21846846846846846,12.766482960735106,13,30.532854080200195,1.0,6,0.52
case_65,"(256, 256, 2, 46)",30960,0.983139729453974,0.9885818108692545,0.9831541916929655,0.9734617372373242,0.7160110016123823,0.8795216781450516,0.8081493027448601,0.9209023237872149,2.3982577098914146,1.4292646957938733,0.7172995780590717,1.049742431939003,5.910857385995001,0.30162412993039445,0.43771043771043766,4.135593220338983,False,False,57.800628662109375,141.39161682128906,7.130173595401074,0.4457627118644068,0.3132075471698113,0.2388943731490622,0.31331269349845203,0.37333333333333335,1.3565902197365578,0.330672748004561,1.1708665587011957,0.30162412993039445,1.049742431939003,0.0,0.0,0.0,0.0,0.0,0.0,0.0,0.0,0.877906976744186,1.2596909183268037,0.6790352504638218,2.8343045662353084,0.32720909886264216,7.711569403859599,0.2222222222222222,12.14471244335585,40,47.107975006103516,1.0,11,0.77
case_66,"(256, 256, 2, 46)",40431,0.9970037341677012,0.9920053678908224,0.9964094469867385,0.9795624852565279,0.5123549991862045,0.9049387152831865,0.8997667974558595,0.9534321042275288,1.8410867267853284,1.6715129493182588,0.8689655172413793,40.075936074717475,35.1663714699566,0.9246619446233098,21.767543859649123,21.03864734299517,True,True,15.972939491271973,184.94007873535156,14.712543930714334,0.20097560975609757,0.18728437654016758,0.4318349299926308,0.45717986077383843,0.7178340784898162,62.36277539896093,0.830394787274818,49.103720989392905,0.9210385724970617,40.407008687867474,0.94086936783566,35.98194059015537,0.911404796867352,30.82205279008596,0.8611971104231166,27.430577240744565,0.8156725461155244,24.806221160897056,0.8329297820823245,1.4292646957938733,0.8504854368932039,2.2529087577767832,0.5369738339021616,5.192187567205992,0.28588734100545127,11.426042624566842,21,62.58523941040039,3.665001630783081,5,0.83
case_67,"(256, 256, 2, 46)",35782,0.9835309337863875,0.9873233397856982,0.9808191965476051,0.9709139184459076,0.5052001453807138,0.8741327123984884,0.8990617237381415,0.9564845115536602,0.0,0.0,,37.063982789230955,36.72483523429681,0.949879623550011,inf,inf,True,True,149.04019165039062,249.46665954589844,9.52843130529249,0.0,0.0,0.30329289428076256,0.30481843575418993,0.719394663480685,64.65605886565844,0.8506967485069675,48.45772564666121,0.9493339157021183,37.225481624913876,0.8857108229305539,29.901509426693295,0.7821125265392781,24.127926051028776,0.6866056096164854,19.702857953316673,0.5662443297356483,14.898267591749697,,0.0,,0.0,0.0,4.037470892073088,0.0,9.439606945666881,58,23.01694107055664,1.0,5,0.78
case_68,"(256, 256, 2, 46)",40342,0.9820876622756065,0.9600950604286563,0.9840469781538022,0.9618970424291706,-0.034961998517120944,0.6731183878817515,0.5744054343155495,0.7791955943076562,8.185985499077159,11.06337306048804,0.825922421948912,81.74148145185279,66.12527997141082,0.7982018597204261,9.985539488320356,5.976954732510288,True,True,44.269039154052734,189.1079864501953,27.480872342841895,0.4457492979320909,0.5400425230333097,0.23609837432263442,0.3540856031128405,0.6153054060379125,128.41707841322042,0.7078336034575905,102.42042813528352,0.7893775124862955,83.37139402619628,0.8666804893219987,65.62446884521589,0.8525902319721337,56.73734776946583,0.7926800285193694,48.81542631874599,0.7343448738368681,42.49610047184994,0.6238532110091743,6.647129493132732,0.7969811320754717,9.934271612339467,0.8114754098360656,14.687424482771364,0.733596837944664,20.360248694033956,28,49.768253326416016,1.0,21,0.87
case_69,"(256, 256, 2, 46)",35031,0.9818686460688979,0.9536890724042351,0.9895156056534518,0.9958360802803842,-0.6049411361509786,0.3210045321536663,-0.06801937542049044,0.43304887711494255,37.54989251207858,22.85758095281752,0.7433628318584071,20.339884371066212,53.62176384216227,0.47423641874562833,0.5416762342135476,2.3459072048283667,False,True,376.8071594238281,164.73223876953125,63.15797075797372,0.6902397260273972,0.48516439454691257,0.4091284593143329,0.6261075014766686,0.6481313422984902,50.7591773177053,0.5935861234368697,31.747119226055872,0.4707379134860051,20.79686354515121,0.3699949315762798,14.295688125149548,0.24851580836669887,8.699848804750237,0.18848467487825837,6.4494419285958156,0.13696198787161662,4.5439249951470515,0.7860251150068382,41.059147679108655,0.757327080890973,45.25818273155004,0.7210045159158498,49.99179719518521,0.6927952672723431,53.32860739086246,1157,3.3238260746002197,1.0,15,0.62
case_70,"(256, 256, 2, 46)",39957,0.9938795328067401,0.9896969703525554,0.9535497761508285,0.848081230352372,0.0010489352580029154,0.5995316161421949,0.8483406435641442,0.9084311599424127,43.81239315257801,41.430009673220525,0.907897522760957,86.6501748817825,82.31856855567798,0.9088869899594104,1.9777548918640577,1.9869309518623393,True,True,89.43505096435547,368.6604309082031,73.32146124916505,0.6372881355932203,0.6206354199433785,0.6161222993174253,0.6492723372180669,0.7685164516273048,119.80501163617419,0.8589769307923771,97.61455339473457,0.9057547069460695,87.34503672992844,0.9295124422925346,77.95988969003531,0.9075590643963942,70.839811791501,0.8722198525379319,65.7682227180203,0.8279358641232017,60.06494105531601,0.8567039719113452,36.45768657804638,0.9152772392400155,47.30475075299978,0.8831883543404935,55.87772160674831,0.8356504468718967,63.259500720818096,22,46.88663101196289,1.0,2,0.89
case_71,"(256, 256, 2, 46)",38661,0.9846215800343883,0.99414571192811,0.978492151494238,0.9834050308359323,-0.17181624504468926,0.7506160359935445,0.926366591326156,0.9597132413816122,47.999612601145714,47.178412235155065,0.9515502038494359,94.85315436184294,86.75846503993512,0.935055900621118,1.9761233314532807,1.8389441469013006,True,True,40.74509811401367,366.4438171386719,82.11101241921881,0.6709668469968095,0.6654568297619878,0.6361040285568588,0.649281248330038,0.7717589774802192,135.56122964737938,0.86556388228843,110.64546909243234,0.9276076036639417,96.40531329536373,0.9386943091984713,85.53117658087217,0.8857284603935835,76.86796392866313,0.8297206444882346,68.86351640521582,0.7892683512394214,63.512177756507526,0.8845419847328244,41.935363744599385,0.9548244118649847,53.23363691185534,0.8994283948710027,64.18899124496136,0.8386772106398275,72.8883006165546,36,30.530582427978516,2.9936256408691406,5,0.8
case_72,"(256, 256, 2, 43)",43308,0.9951959902785504,0.996546519582921,0.9943236090405249,0.9899666016789621,0.19287898359399525,0.8452380648454072,0.9709746182687143,0.9806460487586544,29.34433844358721,28.39149531305796,0.9426573426573427,84.29431728470195,78.73068239542523,0.9614146317301501,2.8725921849201983,2.773037542662116,True,True,26.958316802978516,222.48452758789062,68.26555784317178,0.49619457313037724,0.4807017543859649,0.7675858783676494,0.7711491979784663,0.7647752279157498,126.76043612752669,0.8761939088123987,100.50072544548333,0.95975477108672,84.59309013071535,0.9540003198123768,72.7633004169412,0.8918903645097486,64.15541247504137,0.8426024324005196,58.04268154444272,0.8003916289315873,53.2300162410916,0.8046609483735232,20.14697975144471,0.9516908212560387,30.426380642662796,0.842587292501431,40.78653095172234,0.7162438028579761,53.31884060071721,35,42.2746696472168,3.686699628829956,5,0.79
case_73,"(256, 256, 2, 43)",31115,0.9617429828677045,0.97334390103775,0.9724413888900016,0.9886512600262364,0.2998939823634011,0.8488168359461354,0.8572739144278322,0.9044258816050756,18.007120178645977,16.101433917587478,0.6917613636363636,58.543327935059786,66.5536701849328,0.9095016782855667,3.2511210762331837,4.133400200601805,True,True,49.180084228515625,407.0946960449219,36.87018418641144,0.3866980576809888,0.35365853658536583,0.5954637779282329,0.5960337289194254,0.8584340629423935,81.7345607391276,0.8929898001297093,70.38926753240223,0.9029735965137144,59.43157153131587,0.8538658750506004,53.11696705611355,0.8046317870507661,47.795580420361226,0.7642799678197908,43.8388589461296,0.7081574706469189,38.65474632070775,0.5410140695513671,9.197358692142496,0.7188405797101449,23.352731639750743,0.6745987825124515,37.144732207072416,0.5640297202797203,52.68092019976966,34,14.1026611328125,5.540518283843994,5,0.74
case_74,"(256, 256, 2, 43)",35783,0.9970996815065081,0.9952741186682699,0.9972065181415068,0.9960104066907922,0.7033707367288842,0.964807318449433,0.8933666801962865,0.9572540068590192,11.204600325041204,9.540108352527605,0.806677436725902,41.9586030118193,37.099180139044705,0.9065988413169422,3.7447657028913257,3.888758782201405,True,True,79.97008514404297,299.2882080078125,11.025862932019608,0.16683417085427135,0.1596958174904943,0.15053763440860216,0.1583101207056639,0.6089535638149968,83.42567819282922,0.7720335975393351,57.330018811676425,0.9064707544504097,41.96977409888315,0.8839974293059126,32.429665746355546,0.7565777368905244,23.61567805297817,0.5278875713658322,13.773950349726624,0.29449423815621,6.523914845288198,0.5017182130584192,3.3178128579633475,0.8021052631578948,11.539732936956693,0.5586808923375364,24.86683980412933,0.3610995418575593,43.95822759624839,37,48.770057678222656,1.0,5,0.71
case_75,"(256, 256, 2, 46)",36505,0.9871411266824253,0.9891008225302955,0.9886505524151915,0.9875461107199306,0.5316131707154597,0.9040927234790062,0.8423535796838763,0.8758636966719241,16.424431588953325,13.75162585840094,0.8541610917848541,45.95449369357589,44.9935756212625,0.9123679303915475,2.7979351032448374,3.271873165002936,True,True,20.032442092895508,291.0694580078125,51.63117776783066,0.4342667299477931,0.37791774731381994,0.5962763756723211,0.60237339127528,0.7979382983491446,63.10567004310238,0.8705765899529819,52.898943627941605,0.9060130488450009,46.59241409452344,0.882560243832746,39.78523817048821,0.8370452484127784,35.134071702820016,0.7907760345372222,31.694146502773744,0.7262830482115086,27.697050319621386,0.7921134555517122,10.545873970094908,0.8064078197121911,16.94122786313868,0.6766040181464679,24.580122790940962,0.5214097496706193,36.2322637854639,55,45.578857421875,3.9648048877716064,3,0.88
case_76,"(256, 256, 2, 46)",36741,0.9845182703002935,0.989824627246494,0.9712152229625188,0.9394884430269896,0.49498095137506254,0.7941236323674752,0.9461831486513262,0.9600872792831925,13.824300334458256,12.685733542893644,0.8705452330185806,54.87730436505742,53.07659234719282,0.9499588600493679,3.969626168224299,4.183959261616804,True,True,21.3463077545166,245.92581176757812,31.45189824924936,0.48225432495095416,0.4478594950603732,0.5441960527546534,0.5454719144058082,0.8377752027809965,72.35955332773389,0.8958750777309473,63.7920400947548,0.9457225820862184,55.37795075567448,0.9196162218818028,47.076910601572216,0.8424247680166508,40.035561365796745,0.7568272905210178,33.55945805491151,0.655638491022796,26.97838050083238,0.7834687389614977,9.270033168199811,0.8569826135726304,15.205115379547252,0.7449574181981174,22.440263218142228,0.6128032099215758,30.684778779755472,41,43.78030776977539,3.9522290229797363,4,0.88
case_77,"(256, 256, 2, 46)",39459,0.9640210630963881,0.9820426445279119,0.9435753114221026,0.9268639340690145,-0.21761951776648364,0.5017478793678771,0.7992356583064455,0.9070281398367608,8.995485147538842,9.229658459279081,0.7425786442179885,55.70094842704033,59.69804461019269,0.9327548806941431,6.19210053859964,6.468066491688538,True,True,85.20958709716797,199.81341552734375,60.99003529565608,0.21437637013961003,0.19549218031278748,0.6567019583419833,0.6488692626789776,0.7758826724606193,88.71938538241405,0.8793392535552381,70.09049468638882,0.9232041913690886,57.19481265710737,0.880794218556099,50.67833463730141,0.8136568673199565,43.88730859683447,0.7717259743403534,40.1324606672065,0.7443012884043607,37.83110225872484,0.6277753591641271,6.968674759718151,0.7433815743028591,11.296843556020502,0.6003568242640499,24.62857244164584,0.45011228745588705,38.75972056390165,91,13.890103340148926,1.0,4,0.67
case_78,"(256, 256, 2, 45)",34431,0.9953961630172182,0.9869569547796019,0.9929833691206884,0.9929290463531445,0.4119185824342646,0.9465976273813478,0.7669984300581598,0.9329612341543222,5.579302797319077,4.310398862512134,0.8638589618021547,29.85314448148853,27.354081770189364,0.9434473416864206,5.350694444444445,6.346067415730338,True,True,30.95026969909668,261.7209167480469,15.323710113470103,0.48748841519925856,0.4005920078934386,0.5227272727272727,0.5397185655923741,0.7271078875793291,47.43376006679083,0.8529232643118149,36.265468182574,0.9426492979191338,29.901575929381927,0.9303547963206308,24.244782815433418,0.8145985401459854,19.091676759576217,0.6850393700787402,14.471316630546355,0.5103701758991861,9.540995234998768,0.7895392278953923,3.0899263755985857,0.8609625668449198,6.1798527511971715,0.626537216828479,10.277153242978368,0.411214953271028,18.113361512129643,14,48.302696228027344,4.1968302726745605,7,0.53
case_79,"(256, 256, 2, 45)",32632,0.990185057750618,0.9942617335473775,0.991419979803609,0.9913028719896776,0.9532983978341871,0.9577528667413683,0.9342267080439509,0.9622659388273384,0.0,0.0,,26.705100368417874,27.17004226819446,0.9784250269687162,inf,inf,True,True,24.53211784362793,232.7650909423828,3.273965877593486,0.0,0.0,0.16736672051696283,0.1635380209990455,0.7124158088702504,49.05137042643022,0.8660272277227723,35.44213356838629,0.9777218828602228,26.74384552673259,0.8756713745772827,21.522935443824633,0.6914325516600882,14.548806947175787,0.5085015940488842,9.289151705953115,0.3201675643327349,5.201537503750598,,0.0,,0.0,0.0,5.414635874481535,0.0,11.575116046521348,18,42.00040817260742,5.21633768081665,7,0.68
case_80,"(256, 256, 22, 61)",349751,0.9881550469201277,0.985388684125592,0.9839670783321356,0.9896000866123092,0.7414837408898162,0.9384721761143899,0.8051978897866032,0.9106317780374541,10.8061845218771,11.879350433015238,0.7311432325886991,160.49494302712858,154.07383365881873,0.8922330465107464,14.85213793103448,12.969887076537015,True,True,27.315208435058594,190.6002197265625,1.821401032515009,0.0,0.0,0.007162534435261708,0.00791647544745296,0.5819728263058853,363.9403706311414,0.7640986485454684,236.3498868460761,0.8904337627452094,161.09710834393388,0.8090413623103191,109.56129647794455,0.6620117826751036,78.18013662641346,0.5644024550031033,62.0647618608224,0.4850489624621124,50.49543713546929,0.568778083780258,5.991843003854612,0.7367299083351098,13.393706774287946,0.6162821185107499,30.90419722435859,0.41113075692514944,56.236874760058335,81,113.034912109375,1.0,17,22.24
case_81,"(256, 256, 22, 61)",375471,0.9493908621734246,0.9787251460894335,0.9537790101573841,0.9819842977661359,0.882630096484446,0.9551611243939723,0.8459351438789258,0.8969041869086762,19.559109375000002,19.751875000000002,0.8164170081278969,76.3351875,83.0106875,0.8692164921118918,3.9027946537059535,4.202673796791443,True,True,48.150970458984375,204.2866668701172,11.394296875,0.2996075754990616,0.2862229758372192,0.11269301387592932,0.1159128415988364,0.6868744901124912,146.800265625,0.8307248181586618,103.59171875000001,0.8683304647160068,76.54643750000001,0.7518703005738745,56.411671875,0.6093511126210294,41.3521875,0.5019023607609443,32.19978125,0.42901554404145076,26.562046875,0.5996743849493488,9.001890625000001,0.8164725782317351,20.3961875,0.7075569847725338,35.645796875,0.44834971395041806,69.81284375,34,172.1817169189453,1.0,7,9.93
case_82,"(256, 256, 16, 53)",157626,0.979250886788828,0.9808298939936384,0.9791057071018351,0.9804398965604223,0.5040862612681214,0.8498488796883198,0.8028525250508045,0.8453412584762798,92.12355876175889,71.87904968433864,0.8089595116258191,140.4085533213223,169.354520482201,0.8618755644279671,1.524132971072399,2.356104055714871,False,False,25.72549819946289,243.80911254882812,202.98985210937667,0.5792257034524048,0.4837431035406288,0.6809869873732501,0.7312521006741929,0.7596887844979449,232.19347665851345,0.8582883039916333,168.88337554367195,0.8583552615982741,141.54960746932235,0.8240215118016134,126.68645698666364,0.7836342005896654,115.658720769218,0.7514755144361143,107.91427584214668,0.7285582705748497,102.76112807698516,0.7956231258877374,66.03390779071258,0.8011877097856959,97.16628193195267,0.7332321025147217,124.86813198952807,0.6329313719300461,159.29852070047153,179,183.911376953125,1.606604814529419,7,6.81
case_83,"(256, 256, 16, 53)",150176,0.9644017015461862,0.9767768392185042,0.9705897820206401,0.9772917572880658,0.9629359934009728,0.9662486169035686,0.8984740987482143,0.9414603580003535,22.379384580130015,19.67766282325248,0.8090320322072466,144.4869016954644,132.98802053948972,0.9053910644168524,6.45625,6.758323980546202,True,True,34.59254455566406,185.99807739257812,51.67134880524098,0.30221692017099117,0.2715641766405283,0.24949335735194775,0.26479030457662256,0.6297827774868637,273.70576272672173,0.8033044846577498,184.13669292855005,0.9065955818311383,144.93596171499993,0.9097863284732407,121.99709252036665,0.8412644979649294,106.56709578354017,0.7843426883308715,95.26697889850742,0.7302940781522761,85.29931879275213,0.4572072072072072,7.5530422957938805,0.8924731182795699,26.89943133414312,0.7004323656578134,46.378329886453656,0.5262508673194048,70.35519027378373,25,244.56024169921875,1.2393616437911987,8,4.84
case_84,"(256, 256, 16, 64)",142646,0.9821194517555273,0.9758158785246721,0.981730455525815,0.9795750684063105,0.4300154395971699,0.9143187152310703,0.845078705524606,0.9258726789953846,79.45055503887184,75.3439632952996,0.9213237305132647,235.02123332457757,236.81345721266578,0.9551966502168386,2.958081705150977,3.1430979584191796,False,False,17.760358810424805,144.526123046875,102.82002557961283,0.501858160421183,0.4936237623762376,0.43913951545530494,0.44953671001786677,0.8176665917659102,328.4144434928287,0.9118149486123946,267.11191932074,0.9541849035746829,235.53632129241393,0.9278055978525345,212.67488271994992,0.8845568377117604,194.27283586902828,0.8305230262028229,174.1138451278154,0.7693893046968218,153.4821024161226,0.8215011198499922,56.596172465967236,0.921036505296332,82.32940285910804,0.8295262743332958,109.24804117822848,0.7263295269168026,137.39442342068494,53,189.45152282714844,2.205573081970215,12,8.52
case_85,"(256, 256, 16, 53)",144941,0.9629160872979713,0.9715430158239734,0.9655297973151247,0.9853140459714125,0.71087684019415,0.8545760396117476,0.8079882676120957,0.8182611644659841,60.57324201513293,60.247818004306815,0.8920176297747306,52.666917752107636,84.90608282463077,0.7435084135261545,0.8694749694749694,1.4092806285293396,False,False,26.123666763305664,195.0550079345703,101.54708337823871,0.4583941605839416,0.45428780398610347,0.48832190302623374,0.5270130900436335,0.8347389197918536,79.96555466027071,0.7920250986742232,61.253674037769336,0.7431887796227632,52.726085754076024,0.6886649023030577,46.439485544935245,0.6459424845732914,42.14240940198137,0.6099222952779438,38.82900129175187,0.5765699596033786,35.92976919530107,0.8054891786714002,45.38925350999643,0.8921597372896265,63.18403010198786,0.8790322580645161,76.45985054364398,0.8182081482911759,90.2755790032616,18,183.0484619140625,1.6792926788330078,9,5.86
case_86,"(256, 256, 16, 64)",163062,0.9540269445522708,0.8998880929020803,0.9761885258458247,0.957612316526129,0.5829038226290425,0.6749911466616337,0.46698042744463075,0.5630986555556079,0.0,0.0,,302.00990238770436,145.10390000771676,0.4638116704232407,inf,inf,True,True,21.86313819885254,144.2265167236328,78.44926870980017,0.0,0.0,0.2440450496409371,0.40564998163422045,0.45565938575398485,373.34506384843803,0.4402257262399309,356.2503045615942,0.4283732971706836,339.3123094428829,0.4166772756206238,323.9942107282088,0.4072333571345544,304.44347947395374,0.4014637784214086,285.31825096177295,0.4027192089573942,265.58836065822345,,0.0,,0.0,,0.0,0.0,2.933729432196352,21,56.487281799316406,3.0242080688476562,5,14.43
case_87,"(256, 256, 16, 53)",215547,0.9731720722385256,0.9842377939826351,0.9713592717640729,0.9814807153747963,0.8884712976177254,0.9541159990829835,0.8682375139945866,0.9288984976272172,40.66547526976502,39.20182229573639,0.9074176913923047,55.97363797648865,70.08426643173432,0.8796179944709726,1.3764412589591772,1.787780830774204,False,False,31.648271560668945,223.03604125976562,51.18350097057678,0.43474061810154524,0.42215212057483353,0.4142620624408704,0.41956215058258006,0.7520713382951832,110.39491673809844,0.9062197589513504,73.96199638890106,0.8791760864104496,56.03699957709595,0.7989852099751701,47.299434853349304,0.7304288243019471,40.880904711829835,0.692090395480226,37.579765320189516,0.6448541081675009,33.714707683144226,0.7632850241545893,26.05429016972168,0.9095388405573948,41.46383143741699,0.8300543618949003,57.06979366699493,0.687653398783481,77.91576026679657,22,350.04962158203125,1.1248236894607544,8,11.13
case_88,"(256, 256, 16, 53)",173987,0.975963633450554,0.9797613361495032,0.976294971198308,0.9816601429117842,0.6933766008685389,0.9522556237131063,0.8555343287471532,0.9214843877334654,16.96366295937027,12.74971361889084,0.7865440464666021,164.32245115920733,144.0005725991478,0.8999906707715272,9.686731665960153,11.29441624365482,True,True,18.86631965637207,231.17852783203125,17.51737302629334,0.4667361835245047,0.48134948918983134,0.12330446474473049,0.13774987756555807,0.6580421580337467,283.4564080256284,0.8054555238213502,203.4560899149907,0.8994220730797912,164.58132859309342,0.9275039262373981,139.88729781629075,0.8794318580725299,122.30520543152589,0.8217413704276146,107.23997698732042,0.7548522309631565,92.75003172952852,0.7383561643835617,7.996436291148682,0.7844423617619494,17.689957982217408,0.5382775119617225,35.09227437122803,0.3381967826412271,63.885197851227424,44,205.10850524902344,1.9005999565124512,11,7.71
case_89,"(256, 256, 16, 53)",160910,0.9841683002326527,0.9692841346232665,0.9651306028407696,0.969140349455331,0.18860096713029906,0.8836942055818484,0.6760904147425714,0.8796640957860543,4.57345183011921,4.2419190766347326,0.6152362584378014,104.73034674176333,143.3411612629556,0.8104310876567747,22.899628252788105,33.79158316633266,True,True,21.588966369628906,250.1630401611328,4.6924635877803045,0.10825688073394496,0.0,0.038999378495960225,0.0336510853336396,0.7280851446021196,235.25224153665246,0.8624819752214473,145.52587710002,0.810347781394552,104.75584926126213,0.6970992366412214,79.38084235995015,0.5909902428897654,61.40156611329192,0.5089820359281437,49.72991302267171,0.4485492964202228,42.12166137219459,0.6238767650834403,2.3717343133889583,0.7473073736536868,6.010093761885281,0.4125786163522013,16.024083085083106,0.2474584676419539,30.03346712976054,30,36.11371612548828,6.714756965637207,11,11.15
case_90,"(256, 256, 16, 53)",164084,0.9808753706406848,0.9798966755879929,0.9784979693152966,0.97956784571293,0.7158248509506687,0.9435069534388751,0.7679631365355913,0.9167714812483538,8.907583994064908,8.708819723122964,0.8708733806936899,36.579987492982255,36.211905509756434,0.9395226537216829,4.106611570247934,4.158072696534235,True,True,26.094749450683594,326.43096923828125,50.97935467677644,0.2215119852489244,0.21484953132708437,0.4762064906675635,0.4783856805133401,0.6233051680094321,76.17824724841626,0.8660322108345534,44.236092744079365,0.9383015247904676,36.69041208795,0.8968917470525187,32.47219256018207,0.8292124542124543,28.0993785994593,0.778720860729229,25.368210283923695,0.7418280498334773,23.468907250478452,0.28060128847530424,1.4428813742452247,0.871900826446281,8.973838751045555,0.5439672801635992,23.55724692645265,0.2530844669408415,60.96909970152526,24,223.12599182128906,1.3954453468322754,6,10.65
case_91,"(256, 256, 16, 53)",144216,0.9779936340885547,0.982614208682229,0.9770689092385526,0.9828947698441297,0.9398201709997959,0.9570073190062762,0.9369662284326014,0.9494280650520742,55.98032586233713,53.014529763671895,0.9338399945714867,120.57699201132016,114.06851179479793,0.9353842274475194,2.15391729422645,2.151646205357143,True,True,31.847003936767578,272.5647888183594,54.44195781115915,0.4234427327528466,0.42893523298231123,0.23774509803921567,0.24148525280898878,0.7039764359351989,207.33207489746292,0.8404699378023497,153.4817971059876,0.9349716446124764,120.68053601476483,0.8826237464758574,93.1748110997124,0.7670454545454546,73.37571844104197,0.6780091416962926,60.68418201882364,0.6080948560221093,51.85335772504236,0.8598610691633948,42.475229413053526,0.948732905567438,58.63548995066835,0.856211766051112,73.88604245801928,0.7397287299630086,94.47650714301685,139,220.06903076171875,1.8676491975784302,7,7.03
case_92,"(256, 256, 16, 53)",144546,0.9742959351128936,0.9862090099407596,0.9731329594313212,0.9776943956603802,0.7861466384274008,0.9166162802697145,0.7998712440678034,0.9208927356480968,11.937144397121433,11.65609638777161,0.9134796238244514,11.43421638039017,14.03021246675301,0.8858553586988092,0.9578686493184634,1.2036802030456852,False,False,29.85044288635254,222.21876525878906,18.571356617826467,0.30933333333333335,0.2941032542206998,0.3386738969682031,0.352540834845735,0.5995834000961384,32.12822506883241,0.8282963957913588,19.007720632343297,0.8862449216482878,11.456404381128316,0.7511430437622469,8.616340286645892,0.6671314046706169,7.188912239158633,0.5936005884516367,6.079512202251436,0.5810760667903525,5.9020081963462845,0.5814940577249575,5.191992172725679,0.9135071090047393,12.735912423694614,0.7972972972972973,18.41604061265946,0.4896388395500296,37.73439325533678,42,339.7724914550781,1.0,7,10.19
case_93,"(256, 256, 16, 64)",166181,0.9759660614670771,0.9804391241608459,0.96451453382754,0.9772702004689512,-0.15833685672188844,0.7299146055356288,0.8013667629565054,0.8659193046728759,122.62568407947545,108.7433916176434,0.8552248825240546,223.52931543630797,300.1370859848729,0.8179481385232473,1.8228588661037393,2.760048969598041,False,False,87.32099914550781,262.7887878417969,259.53304463406954,0.5093379264964873,0.46913282724826283,0.5877453532167682,0.5880907072629242,0.8830602424316257,306.9635942119752,0.8666166067264751,261.2858966923829,0.8125236712536296,227.11637555564124,0.7601775261349729,201.46704670234686,0.7252897690973806,186.09076219081314,0.6982690244016236,175.4183338357659,0.6814511041009463,168.76932961456876,0.7993321961310929,88.30824293781284,0.8573672920632043,129.3264603023949,0.8003768449701665,167.1422095604382,0.6948105528422649,216.17029519149025,28,60.43185043334961,1.0,8,11.89
case_94,"(256, 256, 16, 64)",158001,0.9818058741105363,0.9838209296877156,0.9673926942560013,0.9782007766005046,0.8898604052485616,0.9434600962309454,0.8492354708574164,0.9069441212955167,2.799360145225527,5.434491161931156,0.6455122393472348,10.264320532493599,11.608013402201852,0.8744027303754266,3.666666666666667,2.135989010989011,False,False,29.804462432861328,280.20452880859375,13.601157825602426,0.3331816112881202,0.35294117647058826,0.29340006255864876,0.30618892508143325,0.5009842519685039,33.898385118584315,0.8186301369863014,15.63909201132661,0.8744027303754266,10.264320532493599,0.5348946135831382,4.329677024615481,0.4286434694906707,3.1950030457507346,0.2662952646239554,1.7915904929443371,0.22678062678062677,1.4929920774536143,0.5262222222222223,2.2245581954058853,0.6133768352365416,2.9785191945199605,0.8220295767465579,8.465265079161993,0.4300963290809685,22.49939060722597,169,179.31898498535156,1.6595176458358765,4,11.1
