patient,read_s,model,kvp,n_slices,n_frames,shuttle,native_dt,n_files,dx_mm,dz_mm,motion_s,max_shift_mm,max_rot_deg,p95_shift_mm,pipeline_s,aif_peak,aif_n,aif_ttp,tissue_ttp,aif_slices,k_av,vof_peak,aif_fallback,aif_weak,aif_last_resort,n_baseline,core_ml,hypo_ml,mismatch_ratio,hir,defuse3,tmax4_ml,tmax8_ml,tmax10_ml,cbf_med,cbv_med,mtt_med,tmax_med,brain_ml,hypo_left_ml,hypo_right_ml,r_cbf,rho_cbf,ref_cbf_med,r_cbv,rho_cbv,ref_cbv_med,r_mtt,rho_mtt,ref_mtt_med,r_delay,rho_delay,ref_delay_med,ref_delay_left_med,ref_delay_right_med,same_side,ref_shape_mismatch
MOL-001,6.8,LightSpeed VCT,80.0,16,50,True,2.81,288,0.488,5.0,117.1,0.13,0.0,0.11,25.7,293.0,56,22.0,26.0,3,1.0,208.8,False,False,False,11,0.0,237.2,inf,0.16,True,342.4,105.0,38.5,17.9,3.36,11.1,2.9,1028.0,232.3,4.9,0.612,0.559,15.0,0.772,0.769,1.47,0.714,0.76,6.35,0.363,0.362,-0.32,0.06,-0.75,True,
MOL-002,12.6,LightSpeed VCT,80.0,8,45,False,0.5,712,0.488,5.0,67.4,0.27,0.75,0.21,15.0,100.0,285,28.0,31.0,"4,5,6,7",1.0,174.6,False,False,False,15,4.5,98.1,21.72,0.25,True,214.7,50.0,24.8,53.4,7.82,8.8,4.4,407.0,40.5,57.6,0.601,0.59,18.1,0.779,0.788,1.58,-0.107,-0.06,5.84,0.288,0.278,0.54,0.6,0.11,False,
MOL-003,11.9,LightSpeed VCT,80.0,8,45,False,0.5,712,0.488,5.0,62.3,0.92,0.75,0.61,12.6,339.0,36,19.0,20.0,2,1.0,30.1,False,False,False,10,7.8,13.2,1.69,0.33,False,40.8,7.3,4.4,17.4,1.93,6.6,1.1,546.0,9.0,4.2,0.624,0.587,15.6,0.644,0.708,0.98,0.331,0.548,4.42,0.248,0.245,0.05,0.25,-0.04,,
MOL-004,12.0,LightSpeed VCT,80.0,8,45,False,0.5,712,0.488,5.0,62.9,0.8,0.5,0.29,8.9,164.6,74,24.0,26.0,"5,6",1.23,182.9,False,False,False,14,0.0,11.4,inf,0.0,False,65.9,1.7,0.0,30.3,3.59,7.2,2.7,419.0,1.4,10.0,0.586,0.57,16.6,0.772,0.764,1.46,0.531,0.54,6.29,0.192,0.147,-0.14,-0.17,0.0,,
MOL-005,11.8,LightSpeed VCT,80.0,8,45,False,0.5,712,0.488,5.0,62.2,0.1,0.0,0.07,9.5,130.9,20,21.0,25.0,3,1.0,125.2,False,False,False,13,0.0,0.0,inf,0.0,False,13.5,0.0,0.0,27.4,3.21,7.1,2.1,459.0,0.0,0.0,0.587,0.449,11.0,0.758,0.763,0.98,0.317,0.443,6.31,0.172,0.267,-0.39,-0.23,-0.42,,
MOL-006,11.7,LightSpeed VCT,80.0,8,45,False,0.5,712,0.488,5.0,66.3,6.41,6.5,4.89,10.0,317.2,167,14.0,20.0,1,1.55,394.2,False,False,False,10,5.5,87.4,15.94,0.51,True,226.6,60.3,44.4,53.2,2.19,2.6,3.8,568.0,22.8,64.7,0.146,0.449,6.2,0.415,0.459,1.03,-0.01,0.063,10.49,-0.031,0.005,-1.39,-0.16,0.0,,
MOL-007,11.7,LightSpeed VCT,80.0,8,45,False,0.5,712,0.488,5.0,62.2,1.88,2.0,1.7,13.0,171.3,9,27.0,32.0,2,1.0,275.7,False,False,False,18,61.2,187.8,3.07,0.57,True,303.9,138.2,107.3,39.0,5.04,7.5,6.0,436.0,144.0,43.8,0.57,0.645,9.4,0.704,0.745,1.19,-0.19,-0.025,8.64,0.398,0.481,-0.41,0.26,-0.93,True,
MOL-008,12.1,LightSpeed VCT,80.0,8,45,False,0.5,712,0.488,5.0,64.6,1.82,0.5,1.65,8.6,216.4,104,22.0,25.0,1,1.0,131.6,False,False,False,12,3.5,30.5,8.61,0.4,True,86.8,18.9,12.3,24.2,3.2,7.9,2.8,528.0,2.3,28.2,0.573,0.582,13.8,0.775,0.719,1.33,0.37,0.477,6.32,0.316,0.283,0.01,-0.02,0.0,,
MOL-010,11.7,LightSpeed VCT,80.0,8,45,False,0.5,712,0.488,5.0,66.0,2.51,6.5,0.96,14.5,159.5,52,25.0,26.0,"5,6",1.26,174.3,False,False,False,13,7.1,25.6,3.63,0.25,True,51.2,9.3,6.3,25.9,3.29,7.9,1.4,572.0,24.6,1.1,,,,,,,,,,,,,,,,"(512, 512, 9)"
MOL-011,11.9,LightSpeed VCT,80.0,8,45,False,0.5,712,0.488,5.0,62.1,0.19,0.0,0.11,13.3,153.7,27,19.0,22.0,"1,2",1.13,143.1,False,False,False,14,6.2,73.6,11.83,0.37,True,130.0,45.3,27.4,26.3,2.81,6.3,2.6,575.0,1.0,72.5,0.633,0.713,9.6,0.752,0.791,1.0,0.407,0.503,6.6,0.32,0.438,-0.08,-0.43,0.47,True,
MOL-012,12.0,LightSpeed VCT,80.0,8,45,False,0.5,712,0.488,5.0,63.7,0.06,0.0,0.05,16.6,196.0,12,20.0,22.0,4,1.38,243.1,False,False,False,10,0.0,68.6,inf,0.37,True,126.5,35.1,25.7,21.7,2.92,7.9,2.5,579.0,68.6,0.0,0.628,0.603,13.5,0.796,0.773,1.12,0.666,0.633,5.55,0.508,0.367,0.18,0.56,-0.07,True,
