case,shape,n_voxels,r_cbf,spearman_cbf,r_cbv,spearman_cbv,r_mtt,spearman_mtt,r_tmax,spearman_tmax,core_ml_ours,core_ml_ref,dice_core,hypo_ml_ours,hypo_ml_ref,dice_hypo,mismatch_ratio_ours,mismatch_ratio_ref,defuse3_ours,defuse3_ref,ref_cbf_ours,ref_cbf_ref,lesion_ml,dice_core_lesion_ours,dice_core_lesion_ref,dice_hypo_lesion_ours,dice_hypo_lesion_ref,dice_hypo_t4,hypo_ml_t4,dice_hypo_t5,hypo_ml_t5,dice_hypo_t6,hypo_ml_t6,dice_hypo_t7,hypo_ml_t7,dice_hypo_t8,hypo_ml_t8,dice_hypo_t9,hypo_ml_t9,dice_hypo_t10,hypo_ml_t10,dice_core_c25,core_ml_c25,dice_core_c30,core_ml_c30,dice_core_c35,core_ml_c35,dice_core_c40,core_ml_c40,reg_method,reg_ncc_header,reg_ncc_registered,reg_rot_deg,reg_shift_mm,aif_n,aif_peak,k_av,n_baseline,seconds
sub-stroke0001,"(220, 220, 16, 55)",212388,0.8569269119015953,0.7814791400461384,0.8160878214866126,0.730557908820964,0.3545848765871198,0.4967897435906922,0.3738306124233106,0.634883904664865,1.2734282827377321,3.3408765535354616,0.2597402597402597,50.377821632385256,33.73835873794556,0.6019947755877464,39.560784313725485,10.09865470852018,True,True,49.054603576660156,14.63298225402832,7.4907546043396005,0.06381766381766382,0.22959889349930843,0.14066275457369692,0.21778100775193798,0.34610680799021604,137.75497717380526,0.4807341045490128,81.08492167377473,0.6005092071762685,50.597550434112556,0.6531554273350162,35.49618915176392,0.6303200263939294,26.801919974327088,0.594962439239947,22.761906324386597,0.5376543783081066,20.035271648406983,0.0,0.0,0.26105717367853293,1.278422119140625,0.27399650959860383,2.3720722913742067,0.1289463674400913,22.9067275800705,rigid,0.412,0.49,"[-4.34, -0.23, 1.65]","[0.62, 2.25, -0.39]",10,115.30001068115234,1.0,7,6.78
sub-stroke0002,"(220, 220, 16, 44)",189831,0.9180592959498325,0.8993829777236229,0.8956672554359083,0.8522271953880521,0.4072489934407294,0.5671757170048235,0.694080317714764,0.7888119029313677,12.515862349033355,0.0,0.0,54.64644167232513,36.069846618175504,0.6523581531010951,4.366174710809733,inf,True,True,38.199485778808594,16.695173263549805,172.06190500974657,0.06967434815536082,0.0,0.4355332408447293,0.3324538258575198,0.30891789253131957,192.67039315366745,0.49349797836302045,100.98558579826356,0.6465362184553333,55.52509814357758,0.6435067839570597,30.897755116939546,0.5398498927805575,19.804717167377472,0.34814495254529765,10.219373844623567,0.27912873112827014,7.248915887832641,0.2170212765957447,3.6144732112884523,0.09230769230769231,12.875312723636627,0.05785347391186807,35.85517486667633,0.03431294678316124,61.77554076862335,rigid,0.277,0.497,"[-4.96, 1.85, -0.17]","[3.9, 10.43, -2.95]",72,248.8829803466797,1.0,7,5.63
sub-stroke0003,"(220, 220, 16, 55)",161441,0.8235080795906813,0.8562242801553223,0.794968464801137,0.7419336722417729,0.6180181028658668,0.6028338622665518,0.6959255979251305,0.7650812915680726,5.004163745880127,4.304280704498291,0.4038668098818475,257.05204360580444,184.94909284973144,0.7114177458576033,51.36763236763237,42.968641114982574,True,True,60.033531188964844,19.651168823242188,0.7798696746826171,0.0,0.0,0.002132816286960737,0.004737295434969853,0.5413805565594507,437.46189501571655,0.6242033383915023,342.1028306274414,0.7103455277674371,258.1518598136902,0.7463453485085939,204.15588317108154,0.7289719626168224,163.21772441482543,0.6726680955783123,129.86329832839965,0.6122602739726027,106.94212872314453,0.0,0.0,0.36321411983279145,6.26895238494873,0.24748910365738108,21.886342536926268,0.1637040979244279,42.47290228271484,rigid,0.447,0.547,"[-1.2, -0.13, -2.6]","[1.55, 5.28, -0.54]",144,185.9595947265625,1.0,11,3.92
sub-stroke0004,"(220, 220, 8, 60)",95491,0.8193474016118066,0.8608368601805972,0.7746703919075717,0.7375432894348153,0.28947544243829976,0.5000208434463655,0.5573185980098992,0.6975114070170869,0.0,0.0,,39.272861810684205,54.14287705516815,0.6433701361346339,inf,inf,True,True,124.19718933105469,19.95431900024414,1.7123047857284546,0.0,0.0,0.052284387979477154,0.04141269272140552,0.632905067808708,86.20102776575088,0.6749326145552561,57.36221032190323,0.6310081600421164,41.01520703125,0.5458158017765311,31.587517231464386,0.4635504661785871,25.92489526462555,0.38990219402590537,21.674173735141753,0.3139000973980799,17.879065467357634,,0.0,,0.0,0.0,5.732716314792633,0.0,17.223182640075684,header,0.687,0.691,"[1.37, 1.67, -0.58]","[-0.06, -0.86, -0.86]",19,54.32017135620117,1.0,12,3.22
sub-stroke0005,"(220, 220, 16, 55)",188986,0.8222845894178162,0.8454518507283253,0.7635183304551535,0.7926563031894567,0.41316789338005594,0.5631205824958524,0.8015400518596862,0.8289615202579176,6.365834036827088,5.480718070983887,0.7750105529759392,62.26815822982788,68.44896802520752,0.8214996174445295,9.781618224666143,12.489051094890511,True,True,48.55635452270508,16.098796844482422,44.305804843902585,0.12671469456232112,0.10124548011249498,0.36439564564564564,0.367660102891609,0.710019656945903,117.2603631811142,0.8065696977550293,85.91625654888153,0.821373929008568,62.2881608505249,0.7410184862225323,46.24605905151367,0.6230131643100927,34.11446959877014,0.49624382914788584,24.743241802215575,0.37816152101866385,17.557300316810608,0.7348790322580645,4.3405686912536625,0.777731616119651,6.4558458299636845,0.6467324290998767,10.64139421081543,0.4816777041942605,17.07223676490784,rigid,0.497,0.557,"[3.69, 0.15, 0.42]","[0.48, 0.03, -1.02]",150,159.49256896972656,1.2112278938293457,9,3.97
sub-stroke0006,"(220, 220, 16, 55)",193346,0.8760997447724698,0.8539645584148141,0.8366597937447322,0.8131946848073053,0.4352816939915304,0.6346441422277481,0.6282728547335069,0.7300435694362138,23.47538505935669,34.40358155250549,0.6150392817059483,168.47511338043213,181.58695041656495,0.7371816832248487,7.176670923797361,5.2781408859840235,True,True,28.170806884765625,16.407337188720703,87.80033862876893,0.17791548789797476,0.2462381419692509,0.34796342152982235,0.40800578731613213,0.6643744983622204,279.2111730442047,0.7339919879432716,206.43148309326173,0.736489185641728,168.74994228172304,0.701499388004896,145.10466299247742,0.6619670487800935,127.56058531188965,0.6170844719021029,112.9197002067566,0.5760635361575582,99.11829247283936,0.4813538075838295,13.27173748779297,0.6152259838460217,23.59031350898743,0.6713153258954786,33.51413529014587,0.6633864321298973,46.68093810653687,rigid,0.434,0.536,"[2.15, 1.74, 1.27]","[2.12, -1.19, -0.56]",60,233.52999877929688,1.0,15,3.72
sub-stroke0007,"(220, 220, 16, 55)",224234,0.7991894985619042,0.8370537246960686,0.7540725058432223,0.7403779730481754,,,0.7439052972452083,0.8138212252514201,27.687193608283994,31.62248007774353,0.5316562552760425,308.7797995305061,345.7644829273224,0.8489210834295855,11.15244122965642,10.934135528815707,True,True,64.64198303222656,20.31360626220703,54.55829091310501,0.35563401716685944,0.48800325335502237,0.23618575168802536,0.23957877359080507,0.7888284910965323,455.57199291229244,0.8427690741473899,362.4368798017502,0.8484732649347869,309.1352770614624,0.8281592520954223,275.4800663137436,0.7939851146777378,247.57257677078246,0.7594870269608271,226.5843822669983,0.7232256953570361,206.68264725923538,0.4040097913509733,11.275146474838257,0.5271952544072186,28.24794689655304,0.48004509582863586,57.141761419773104,0.3991766350784527,97.23562153100967,rigid,0.617,0.654,"[0.16, -0.88, -0.65]","[-1.48, 0.44, -0.47]",277,109.2500991821289,1.0,7,6.25
sub-stroke0008,"(220, 220, 16, 55)",197683,0.4801560293859395,0.6862379803150903,0.4623677847361642,0.6010659415555287,0.2943547986482362,0.3327602122686914,0.5211847696904437,0.6809899415364407,0.0,1.1605672912597658,0.0,167.86205183410647,150.02833462142945,0.6699608164036068,inf,129.27155172413794,True,True,49.44163131713867,16.44471549987793,2.206078342437744,0.0,0.0,0.004823955054857782,0.006769190325972661,0.5875807208455299,297.7055199890137,0.6513557643405873,223.72936006164554,0.669422526798906,168.22222789001466,0.6446586316001244,123.47535538864136,0.5845020892805428,91.78486491394044,0.5091502083710817,70.8246194381714,0.4397197625766274,55.597176185607914,0.0,0.0,0.0,0.0,0.06345332519829164,6.948396411895753,0.041412520064205455,29.91462242126465,rigid,0.547,0.612,"[1.58, -0.45, -0.77]","[-0.79, 0.73, -0.73]",117,134.5363311767578,1.0,8,3.78
sub-stroke0009,"(220, 220, 16, 55)",207641,0.9032884403229967,0.8682308931498128,0.8856672463353775,0.7804382766981899,0.5509596764218788,0.577742818516805,0.7848177153545329,0.8060430588786058,9.225,5.965,0.3495720868992758,101.12,130.845,0.7831784967559762,10.961517615176152,21.935456831517183,True,True,66.68240356445312,20.78900146484375,11.145,0.16740304369170347,0.2711864406779661,0.1187369171157529,0.1150080991619128,0.7277006786085468,196.305,0.8122290411575924,135.58,0.7833171677982541,101.14,0.7055753262158956,79.915,0.6081551595182214,63.03,0.519991164126353,50.245000000000005,0.4390943970945728,39.88,0.33070866141732286,1.575,0.3486120077469335,9.445,0.29403254972875226,21.605,0.22092767641239833,39.445,header,0.579,0.569,"[-0.57, -0.31, 0.04]","[-0.7, 0.93, 0.12]",93,114.91596221923828,1.3012553453445435,11,6.5
sub-stroke0010,"(220, 220, 16, 55)",167872,0.33656984166544573,0.42678678449423646,0.31048684973616125,0.4193689746801246,0.09681166921880738,0.2048116482819411,0.33646975485051517,0.4774159636964807,0.0,1.594239444732666,0.0,44.348842735290525,57.64749841690064,0.3669949532069185,inf,36.159874608150474,True,True,26.708974838256836,14.058262825012207,13.198703365325928,0.0,0.006756756756756757,0.04463742943986105,0.05699774266365688,0.3637418684909752,105.81951725006104,0.3831448144017843,67.66272050857545,0.36690093385963224,46.0030535697937,0.3198595952394011,33.30411178588867,0.2730120481927711,25.1430051612854,0.2204183989968983,17.911455078125,0.1526685094620455,12.693944168090821,0.0,0.0,0.0,0.0,0.03294367693942614,6.162060298919678,0.05794435502414348,18.491178512573242,rigid,-0.041,0.367,"[-2.54, 5.9, 8.5]","[9.82, 37.49, 10.96]",12,330.8854064941406,1.0,16,6.52
