case,n_voxels,r_cbf,spearman_cbf,r_cbv,spearman_cbv,r_mtt,spearman_mtt,r_tmax,spearman_tmax,core_ml_ours,core_ml_ref,dice_core,hypo_ml_ours,hypo_ml_ref,dice_hypo,mismatch_ratio_ours,mismatch_ratio_ref,defuse3_ours,defuse3_ref,ref_cbf_ours,ref_cbf_ref,lesion_ml,dice_core_lesion_ours,dice_core_lesion_ref,dice_hypo_lesion_ours,dice_hypo_lesion_ref,dice_hypo_t4,hypo_ml_t4,dice_hypo_t5,hypo_ml_t5,dice_hypo_t6,hypo_ml_t6,dice_hypo_t7,hypo_ml_t7,dice_hypo_t8,hypo_ml_t8,dice_hypo_t9,hypo_ml_t9,dice_hypo_t10,hypo_ml_t10,dice_core_c25,core_ml_c25,dice_core_c30,core_ml_c30,dice_core_c35,core_ml_c35,dice_core_c40,core_ml_c40,aif_n,aif_peak,k_av,n_baseline
case_1,130492,0.940641863050883,0.9049553777884697,0.9470041560886707,0.9143653026899903,0.6680454272288847,0.6706771028809504,0.6350122160728803,0.7737010959501944,0.0,0.0,,21.94534092755234,18.459455612897678,0.6021479995279122,inf,inf,True,True,14.762101173400879,166.81109619140625,11.53537151320059,0.0,0.0,0.06580259222333001,0.0670906200317965,0.1380960651498485,228.64737218476304,0.28200655235501854,93.6181949347474,0.6010362694300518,22.035945333815594,0.39634738682727805,6.084801178521683,0.0,0.0,0.0,0.0,0.0,0.0,,0.0,,0.0,,0.0,0.0,2.4272443572629596,5,192.67112731933594,2.7884998321533203,8
case_2,101531,0.8439052284403397,0.9132813048812064,0.8607274983637518,0.8910968401910706,0.7071652172419238,0.703610178907206,0.6346377856016309,0.8016857264814299,0.0,0.0,,0.0,1.2684616876855546,0.0,inf,inf,False,False,31.61872100830078,230.12319946289062,3.318982461011827,0.0,0.0,0.0,0.07484407484407485,0.1011764705882353,18.998313397515975,0.535645472061657,1.2064691991896441,0.0,0.0,0.0,0.0,0.0,0.0,0.0,0.0,0.0,0.0,,0.0,,0.0,,0.0,0.0,1.03002903962436,27,27.341773986816406,7.31868314743042,8
case_3,100445,0.9600867443315977,0.913064385889932,0.9595964044761611,0.8912155828441077,0.8523852588446249,0.8111082770972508,0.8046383623565083,0.8378368315121455,3.990883704607871,2.417417011034875,0.6086309523809523,13.121758608220862,16.96006372436105,0.7896655571405928,3.2879330943847074,7.015779092702171,False,False,28.8819522857666,253.5309600830078,9.407423595210668,0.25409252669039145,0.1693548387096774,0.35555555555555557,0.4061482820976492,0.7633726201269265,19.854288824357436,0.8016288539848749,15.825260472632644,0.7889152810768013,13.150367093558552,0.7038988408851422,10.18938886110755,0.6180516299227435,8.344141556826493,0.4658280922431866,5.783682119103163,0.306613694788502,3.44255440230213,0.5422535211267606,1.616379421579532,0.5965665236051502,4.219751587309398,0.446016030174446,7.667074070501143,0.31296,12.454227283674742,6,238.8676300048828,1.4346975088119507,5
case_4,121064,0.8933855549790084,0.9271273255111798,0.9031200008855378,0.8902009118567216,0.8013235925557548,0.7768453672297533,0.8187876315158823,0.9113659113915902,9.216700359626063,5.812290604440854,0.6802030456852792,28.269951594528155,38.845555007694536,0.7713839158851946,3.0672529746508017,6.683347005742412,True,True,32.96430587768555,201.17808532714844,18.46677728547943,0.414054426455391,0.319324430479183,0.38257498469700063,0.37237936772046587,0.7137284749310246,61.38904145379491,0.8185951896613617,40.84814898133289,0.7705080896962816,28.346240888761997,0.621032879171086,19.59681245631822,0.44245142002989535,12.19198283474591,0.3069053708439898,7.762435688293445,0.14795631122621328,3.4997713729775115,0.7982532751091703,4.99218069142705,0.673394495412844,9.664899963249885,0.552960603916018,14.285170345286955,0.4200626959247649,21.45159592237851,19,61.9549560546875,3.748819589614868,2
case_5,127498,0.9260254678609876,0.8320730602823968,0.9359233931726861,0.8632450950621777,0.21742866848265507,0.5312280171387654,0.49117667102935814,0.6462353196507555,10.800567386441417,0.0,0.0,49.172384498447634,89.08918343526932,0.5735471633040179,4.552759381898455,inf,True,True,66.39179229736328,251.46600341796875,26.94658114824744,0.36280949974734716,0.0,0.40581344358829796,0.29596449412344866,0.5470037617006386,183.4522863095692,0.6344686003053114,92.08377783645484,0.5661764705882353,50.98916868133249,0.4551211884284597,32.88808532639579,0.3698850185999324,23.713563625948417,0.3036189462480043,18.430107262073324,0.23751038877089298,14.186175706253076,0.0,4.596797775068223,0.0,12.517213858458597,0.0,20.4328614794267,0.0,32.249111361811615,18,34.58351135253906,1.0,10
case_6,39470,0.8418615869277142,0.7277742819576448,0.8987457041712317,0.8561804862131123,0.3878522733747528,0.40453101337975234,0.3093262632367798,0.3789561260270045,1.707109547172639,0.0,0.0,7.27190519396166,6.694921240866998,0.5722089450324342,4.259776536312849,inf,False,False,20.7749080657959,130.47445678710938,5.192855577851966,0.06219765031098825,0.0,0.14154552410099464,0.14921780986762936,0.4612235615192177,14.267239567431664,0.5021528525296017,11.019916657865835,0.5445094217024041,7.977637632457612,0.545324256538875,6.6090889172661385,0.5225856697819314,5.545721797099942,0.47031539888682744,3.581115279124726,0.4034465281297516,2.7084866558493266,0.0,2.1601134772882835,0.0,4.358374653954726,0.0,12.789016216527983,0.0,24.004439833706886,14,36.229827880859375,3.9481823444366455,11
case_7,71566,0.7571962251453074,0.7867758655697078,0.9276974980360159,0.8931665117842801,0.09120601223884123,0.10585709904903132,0.47367668637743676,0.41529953333043207,1.9758778131253403,2.0838492783234464,0.7393617021276596,9.382720325715415,82.33364078681575,0.16610748131143682,4.748633879781421,39.51036269430052,False,True,239.66644287109375,250.80210876464844,7.093725263515566,0.4107142857142857,0.40705882352941175,0.0,0.10661032297011772,0.4559971922435729,39.21523615995211,0.311913357400722,20.838492783234464,0.16660893661240042,9.6742432817503,0.07248784690172913,3.8923713203917223,0.0,0.0,0.0,0.0,0.0,0.0,0.6933333333333334,1.7491377362093177,0.7719298245614035,2.5265322856356813,0.755877034358047,3.2661368222427076,0.5857795172863666,5.5713276042222715,69,30.6441707611084,1.0,16
case_8,105284,0.896465559924804,0.8996476057147598,0.9132175375892468,0.9361963378920956,0.5229750643580418,0.6871017885212908,0.7309038936496889,0.7693632390929644,0.0,1.004134626342386,0.0,100.98571139978857,125.63019833125627,0.6981918669747719,inf,125.11290322580645,True,True,56.915889739990234,167.95240783691406,6.915572345938691,0.0,0.25357873210633947,0.08895782258468005,0.07763115021179537,0.599163179916318,229.19102917601967,0.6827606461086637,150.101930918407,0.6970460923750178,101.35821295472203,0.6697287366259591,74.18179516435875,0.6227894995803305,60.895906371731805,0.5747582146933381,54.10989978403084,0.5520715659634232,51.18927165042207,0.0,0.0,0.0,0.0,0.6714031971580817,1.8841020677069502,0.4172661870503597,4.097517104268124,34,99.00384521484375,1.0,16
case_9,136372,0.9560038768952033,0.9045659704224135,0.9516262476590938,0.8793479266308388,0.6762553165673344,0.6882133898086485,0.7839629909777645,0.8373027848347937,16.880356974835593,12.846237765595223,0.6191851138915624,97.55320423479846,80.77298497083054,0.7923095435462738,5.77909604519774,6.2876763177431325,True,True,26.746864318847656,217.68978881835938,54.14589080487519,0.3013091641490433,0.24585379742330415,0.5015559676861661,0.5206757616455786,0.685006345041189,140.92713842776584,0.752649136577708,113.62769106027044,0.7914018691588786,97.80593274317877,0.8049709360593306,85.75602820210263,0.7930689555032107,67.00643395773722,0.6628070843648829,44.42299592586677,0.5665797425390123,34.42829868878898,0.609861932938856,11.053295894821725,0.6199906440043661,17.457340927930257,0.5474962759252894,28.4915629730629,0.45894104127994345,40.82280679705297,26,88.73167419433594,3.3549680709838867,4
case_10,62590,0.9070128041383023,0.9511415626520286,0.9115158057737575,0.942333567894833,0.5355505029402502,0.7708758520523439,0.752693666543264,0.8978448930110874,23.531890776945303,22.26827354170913,0.9205622071837585,18.8398177223325,23.15042142291174,0.8067226890756303,0.8006079027355624,1.0396145610278371,False,False,46.75546646118164,235.02011108398438,39.62512915023616,0.62559456398641,0.6234206471494607,0.4063290106842835,0.5017850360805165,0.6404283027058313,42.75794622023678,0.7857777777777778,25.12929369696084,0.7964125560538117,19.383411551830324,0.719148409456616,15.373214967552514,0.6558715113217483,13.070093742574889,0.6116224756147822,11.558521427216903,0.556574047550845,10.142316450367307,0.8945119947420309,20.351390037690486,0.9234928900460645,24.437880492775008,0.8905823689904977,27.503940425819756,0.8164958929629943,33.130613397814784,155,128.8316650390625,1.0,4
case_11,56161,0.9387553907706667,0.9310165595595762,0.9371574379999509,0.9253579982216981,0.64044935658597,0.8627918567505093,0.9168454836430059,0.8954048988725171,4.000659850426972,2.7990313852212547,0.5315568022440392,35.10471730493846,38.41873231810502,0.8866982294571633,8.774731823599524,13.725724020442929,True,True,101.6337661743164,267.1434326171875,3.9291343465456796,0.2717979555021046,0.3571934798015592,0.11018812606889812,0.11980632811620313,0.8018003872926153,52.49495148194343,0.8822314049586777,39.8540107626563,0.887812439449719,35.21438974422311,0.863067187289619,32.215086948134235,0.8421052631578947,30.69397789892541,0.8315138029344273,29.959649392410807,0.8213909748052495,29.33022495825543,0.0,0.0,0.5520249221183801,4.5585587807010555,0.4098591549295775,10.447491933594156,0.2822890748699389,17.986280042682406,33,74.94575500488281,1.0,12
