config,n,r_cbf,r_cbv,r_tmax,sp_tmax,hypo_dice,hypo_icc,hypo_bias,core_dice,core_icc,core_bias,defuse3_kappa,hypo_dice_t4,hypo_bias_t4,hypo_dice_t5,hypo_bias_t5,hypo_dice_t6,hypo_bias_t6,hypo_dice_t7,hypo_bias_t7,hypo_dice_t8,hypo_bias_t8,hypo_dice_t9,hypo_bias_t9,hypo_dice_t10,hypo_bias_t10,core_dice_c25,core_dice_c30,core_dice_c35,core_dice_c40,seconds
"{""method"": ""osvd"", ""spatial_sigma"": 1.0}",11,0.9034471969828431,0.9357681355681735,0.4807057394264333,0.6565746812087124,0.5528664704686475,0.6319780729549668,19.11125071359638,0.40099713807148973,0.8956506868174946,-1.1232480554534405,0.11999999999999988,0.42310370045563594,90.19848526664197,0.4961100346727457,52.00978665594314,0.5316198234294434,25.308444935879667,0.5369190801752997,7.945614778831651,0.49932331146326997,-4.170780977035323,0.4598709429423496,-12.309831154324348,0.422889806277203,-18.012319892662187,0.2125509606902052,0.3500243533850666,0.3728608991905313,0.2780611162775115,43.6
"{""method"": ""osvd"", ""spatial_sigma"": 2.0}",11,0.9373833767549953,0.9669684518650757,0.746583656269582,0.8009471427058348,0.6724960289133021,0.8154593338710197,-7.066699993295618,0.6957121476713918,0.9220895078841271,1.3875266802377828,0.8135593220338982,0.5361139983139129,55.24095327106765,0.6547971683955942,15.61203840028265,0.6680171580495601,-6.570581520586935,0.6307510049904728,-17.869372111563113,0.5316560747357536,-24.75444842862323,0.4634552865756929,-28.696393229694284,0.4164079615553542,-31.115938665031937,0.3648870827669053,0.6102682835271799,0.44967434270014445,0.28037404724919424,44.6
"{""method"": ""osvd"", ""spatial_sigma"": 3.0}",11,0.8964854820422559,0.9223937894741912,0.6683328773640181,0.7422723963777197,0.6053621264777662,0.7551857433591175,-12.725100611673673,0.4554999803903612,0.8764989656275105,2.0793465636830937,0.8135593220338982,0.5369996692014015,46.324656787695965,0.6354390767019432,7.502688069550712,0.6009479478312365,-12.335278966642154,0.531920697107645,-21.348813199685928,0.4424371788997897,-27.287436068464032,0.3843063078026763,-31.455928332779493,0.3265584776158082,-33.88150169577079,0.3931348952500168,0.45971103330535645,0.4749105183835508,0.29943585539766987,43.7
"{""method"": ""bcsvd"", ""spatial_sigma"": 1.0}",11,0.9312084427008206,0.9357681355681735,0.5402523564751192,0.6726049265149009,0.5538329714384825,0.7184786634650786,16.06030209245395,0.3630694805250693,0.9328539677755753,-1.6396981073668888,0.37735849056603776,0.40463267161341604,86.12761253664993,0.4967867470862005,48.37758672168761,0.5397177831397655,21.04938974598514,0.5624790417830483,4.895061783884228,0.5366001989332333,-5.335541524790828,0.4861112407486969,-13.25233418702737,0.4400323877204872,-19.27394322665916,0.21109583917454217,0.375306166703532,0.4482301146301451,0.23465415942968193,42.9
"{""method"": ""bcsvd"", ""spatial_sigma"": 2.0}",11,0.9524027820789296,0.9669684518650757,0.770802871751911,0.813134206865751,0.6799602983323555,0.7991453404629452,-1.9731027387343467,0.6194868870960026,0.9755041731660821,0.6009986331826486,0.8135593220338982,0.504339376257929,60.63611902138407,0.67978561598327,21.488753851244212,0.6810082839572154,-1.224368178915195,0.6587724843652975,-13.202577638408968,0.5530261947667054,-21.183603146550492,0.49923570389707783,-25.62470115158385,0.4516879192048403,-28.89502401953429,0.5045396912473575,0.6195463523250773,0.5336555042058833,0.367515714671082,47.4
"{""method"": ""bcsvd"", ""spatial_sigma"": 3.0}",11,0.9068811674104473,0.9223937894741912,0.6881162533039041,0.758757395318736,0.6124991180135408,0.7927441843027454,-6.30458983334222,0.5499200359373508,0.9562335157884008,0.7690070349203627,0.8135593220338982,0.5121052683858887,55.688674232907694,0.6529698788672503,16.291077658392297,0.6134268725347085,-5.461210720599393,0.5494267627122005,-17.036767805313403,0.4794270943729826,-23.746445910099496,0.4292040902114419,-27.810557341540765,0.3778986177810909,-31.03312225731903,0.3514171695453723,0.5536087556357004,0.4373645840411219,0.39191060556041224,43.0
"{""method"": ""fourier"", ""spatial_sigma"": 1.0}",11,0.889370585117375,0.9357681355681735,0.2591518515575817,0.4087207445354382,0.414676758109757,0.5404663175489758,18.017840101313016,0.042029060986406956,0.21516438834241328,-4.121840618320441,0.11999999999999988,0.32446394057750527,70.88684527841498,0.3697073945988322,43.35395438852033,0.40016464292552495,21.882964359363122,0.4225185107201105,5.225241584056937,0.4155690164382982,-7.802566755147791,0.37827518078761363,-18.169172211427426,0.3077798904473076,-24.315951287678708,0.0,0.04502434082091581,0.08037667451405238,0.10705737536757164,43.5
"{""method"": ""fourier"", ""spatial_sigma"": 2.0}",11,0.9313631824806324,0.9669684518650757,0.46741915938841744,0.5830307983662322,0.5595318528563423,0.79370506748644,1.7319903793141522,0.24825544203691044,0.8171636676694514,-2.1759359436657486,0.6071428571428573,0.43989789101148824,53.462124477336964,0.5115039480157478,24.04647777125339,0.5566143229637208,3.2225580299168284,0.5538947203321151,-9.345563274895538,0.4957561381020307,-18.869457312431454,0.38556871332482623,-29.249936837187853,0.33009107835287,-32.27682047036742,0.18926901272914698,0.2498186004328118,0.4639952045470599,0.5612590042212913,44.4
"{""method"": ""fourier"", ""spatial_sigma"": 3.0}",11,0.8901314808585333,0.9223937894741912,0.5184906898922217,0.5945975981151006,0.5596077568640969,0.8233855756722228,-1.6004985940724337,0.3900076022136311,0.9268178324944429,-1.1927906208185675,0.8135593220338982,0.458958188083216,47.793686617293616,0.5318669107194189,19.03246796029397,0.559074432814037,-0.3553312207733315,0.5218151641544235,-11.75472004030497,0.45202719042120615,-21.900620825358548,0.3397709769801302,-32.70015960792448,0.285418806528507,-35.18024502283998,0.24862606279738017,0.3999315032007519,0.5978551087196893,0.48557530341672434,55.5
"{""method"": ""osvd"", ""spatial_sigma"": 2.0, ""temporal_sigma"": 1.0}",11,0.9487220738608255,0.9669906919934402,0.741984595158402,0.7871135913069871,0.6602253554192243,0.8152382056091608,-5.692127479345718,0.6455180299948444,0.8235266099684818,2.240344432442272,0.8135593220338982,0.5133101826955997,55.540178893345995,0.6236544506312994,17.525909140912482,0.6553970925099543,-4.748435246513302,0.627942785155849,-15.940060092081318,0.5390014857122432,-22.94717816849048,0.4734061731559112,-27.590937169313893,0.4229361424793663,-30.3129546873883,0.39933956265089565,0.57534409822482,0.40729174331616547,0.2839508509254034,45.2
"{""method"": ""osvd"", ""spatial_sigma"": 2.0, ""oi_threshold"": 0.05}",11,0.9488197459778607,0.9669684518650757,0.7902164944473246,0.850626033791663,0.7065660669523207,0.8269077963465071,-8.802763657957536,0.6743531389963531,0.9375760798994672,1.6420598591758613,0.8135593220338982,0.5620249887239862,53.952232380730294,0.6933404402089756,13.019240225106701,0.7044372394165909,-8.385746362665593,0.6514018403150336,-19.709067783517632,0.5314002694581558,-25.882291273861586,0.46217370947405995,-29.18913394859106,0.42137069773329117,-31.127789618264988,0.5841011528190964,0.6695389441539953,0.43496238733547693,0.2887903996798013,47.9
"{""method"": ""osvd"", ""spatial_sigma"": 2.0, ""oi_threshold"": 0.15}",11,0.9415134141445357,0.9669684518650757,0.6866063380401557,0.7566791792787811,0.6269797164096511,0.7840674868681249,-3.4783793208544496,0.6230523973624951,0.7620963327135838,1.2060696092978325,0.8135593220338982,0.5040843623846406,58.13171522614354,0.6063740567845456,20.73832453186773,0.6161374704815853,-2.275191988231427,0.5946072230687234,-14.721658197620094,0.5016330358738137,-22.943301970308692,0.43989264654344423,-27.654701051414772,0.39151157867890374,-30.505575032719353,0.3566665274374073,0.6106192340939799,0.5013486667447652,0.25584337006819863,47.6
"{""method"": ""bcsvd"", ""spatial_sigma"": 2.0, ""lam"": 0.1}",11,0.9516496885722515,0.9669684518650757,0.7825989356108242,0.839180314907609,0.7161350541125414,0.9282105867932443,-5.764135064674542,0.6137823668346598,0.9716657284542459,0.7247742992216768,1.0,0.5231976422041559,57.63183837091115,0.6683090912223095,18.182745714801804,0.7118396940791901,-3.018402085051378,0.675257306278713,-13.736061482685722,0.5671797657032687,-19.51287711772537,0.4903740638018862,-22.776156681000632,0.45310578317563516,-24.581889714159285,0.44301140081144563,0.6126782734098677,0.49588773503545447,0.34961225930488415,47.8
"{""method"": ""bcsvd"", ""spatial_sigma"": 2.0, ""lam"": 0.25}",11,0.952795309095748,0.9669684518650757,0.672497178081017,0.7443809462832628,0.6387910074161798,0.847103938778182,-0.4023657445884035,0.6232100241941101,0.9603827525427132,0.3055841480897099,0.6071428571428573,0.46362914386957654,70.05415205024265,0.6181637815300008,25.633244706143618,0.6340921170713497,0.5126266287740978,0.6219859326095695,-15.220638285041007,0.508106918045552,-23.90987321261522,0.4270146366684518,-29.46709884594409,0.34097180393912274,-33.711979765978015,0.4489544970090425,0.6268440417401605,0.5605395293656632,0.4319745088688379,47.2
"{""method"": ""osvd"", ""spatial_sigma"": 2.0, ""reference"": ""global_median""}",11,0.9373833767549953,0.9669684518650757,0.746583656269582,0.8009471427058348,0.6724960289133021,0.8154593338710197,-7.066699993295618,0.45872349167063187,0.9369729200112941,1.0414319604912359,0.6206896551724139,0.5361139983139129,55.24095327106765,0.6547971683955942,15.61203840028265,0.6680171580495601,-6.570581520586935,0.6307510049904728,-17.869372111563113,0.5316560747357536,-24.75444842862323,0.4634552865756929,-28.696393229694284,0.4164079615553542,-31.115938665031937,0.4502256276783473,0.4565854743627919,0.4475248474422129,0.32633297519336046,43.9
"{""method"": ""osvd"", ""spatial_sigma"": 2.0, ""min_cluster_ml"": 3.0}",11,0.9373833767549953,0.9669684518650757,0.746583656269582,0.8009471427058348,0.7283388497384202,0.8093558544510118,-7.542125133167885,0.6137090242046331,0.9053736429707854,1.421429834760222,0.6071428571428573,0.528173398780985,54.61052637618782,0.6788435793814436,14.314598445650804,0.7197850218796986,-6.941917182983027,0.6832489216614493,-18.22616855351528,0.5663231888753095,-24.272460001917466,0.5075141936604701,-28.138379885775127,0.4473912545604968,-30.668392220741485,0.8507182784616308,0.4890668170441107,0.25056908683574663,0.19096904009675078,45.9
"{""method"": ""osvd"", ""spatial_sigma"": 2.0, ""restrict_core_to_hypo"": true}",11,0.9373833767549953,0.9669684518650757,0.746583656269582,0.8009471427058348,0.6724960289133021,0.8154593338710197,-7.066699993295618,0.42625615630558794,0.9196507396180632,0.7795835227430321,0.6206896551724139,0.5361139983139129,55.24095327106765,0.6547971683955942,15.61203840028265,0.6680171580495601,-6.570581520586935,0.6307510049904728,-17.869372111563113,0.5316560747357536,-24.75444842862323,0.4634552865756929,-28.696393229694284,0.4164079615553542,-31.115938665031937,0.39893782014630297,0.4382067183479748,0.34518770761340156,0.25197359003612246,43.6
