delay_s,cbf_true,mtt_true,cbv_true,cbf_est,cbf_sd,cbv_est,mtt_est,tmax_est,tmax_sd,cbf_rel_err,cbv_rel_err,mtt_rel_err,tmax_err_s
0.0,10.0,4.0,0.6666666666666666,9.667312622070312,3.602303981781006,0.9533439874649048,5.946126937866211,2.6213839054107666,2.27010178565979,-0.033268737792968794,0.4300159811973572,0.48653173446655273,2.6213839054107666
0.0,10.0,6.0,1.0,9.298733711242676,3.234572172164917,1.2747929096221924,8.39462661743164,3.2753970623016357,3.9336695671081543,-0.0701266288757324,0.2747929096221924,0.3991044362386067,3.2753970623016357
0.0,10.0,8.0,1.3333333333333333,10.324860572814941,2.7820982933044434,1.7763123512268066,10.832110404968262,2.8756613731384277,2.1142971515655518,0.03248605728149423,0.332234263420105,0.3540138006210327,2.8756613731384277
0.0,10.0,10.0,1.6666666666666667,10.487698554992676,2.563551425933838,1.8136781454086304,10.726016998291016,2.8322298526763916,1.7902592420578003,0.04876985549926749,0.08820688724517822,0.07260169982910147,2.8322298526763916
0.0,10.0,12.0,2.0,11.915413856506348,2.7441000938415527,2.141561269760132,11.106058120727539,3.7199196815490723,2.2395524978637695,0.19154138565063472,0.07078063488006592,-0.07449515660603845,3.7199196815490723
0.0,10.0,14.0,2.3333333333333335,12.120211601257324,3.7944207191467285,2.672217607498169,13.892573356628418,3.4280831813812256,2.364431619644165,0.21202116012573247,0.14523611749921517,-0.007673331669398764,3.4280831813812256
0.0,10.0,16.0,2.6666666666666665,11.69212532043457,3.4486887454986572,2.3696765899658203,12.406951904296875,3.974008083343506,2.412350654602051,0.169212532043457,-0.11137127876281738,-0.2245655059814453,3.974008083343506
0.0,20.0,4.0,1.3333333333333333,15.010669708251953,3.3803634643554688,1.7806669473648071,7.374417304992676,1.8195537328720093,0.9273310899734497,-0.24946651458740232,0.33550021052360535,0.843604326248169,1.8195537328720093
0.0,20.0,6.0,2.0,15.237573623657227,3.438905715942383,1.9192721843719482,7.786230087280273,2.5850884914398193,1.5336148738861084,-0.23812131881713872,-0.04036390781402588,0.29770501454671217,2.5850884914398193
0.0,20.0,8.0,2.6666666666666665,16.104286193847656,3.0377893447875977,2.5205085277557373,9.654736518859863,2.9053821563720703,1.071117877960205,-0.19478569030761717,-0.05480930209159851,0.2068420648574829,2.9053821563720703
0.0,20.0,10.0,3.3333333333333335,18.303882598876953,3.449944496154785,3.45418119430542,11.569469451904297,2.9202020168304443,0.9242386221885681,-0.08480587005615237,0.03625435829162593,0.15694694519042973,2.9202020168304443
0.0,20.0,12.0,4.0,19.290729522705078,3.2841055393218994,4.072333812713623,12.890114784240723,2.9162542819976807,1.087754487991333,-0.03546352386474605,0.01808345317840576,0.0741762320200603,2.9162542819976807
0.0,20.0,14.0,4.666666666666667,19.770448684692383,2.9265990257263184,4.3825907707214355,13.544307708740234,2.9070987701416016,1.1345688104629517,-0.011477565765380837,-0.06087340627397819,-0.03254944937569759,2.9070987701416016
0.0,20.0,16.0,5.333333333333333,20.477243423461914,2.919727325439453,5.0500922203063965,15.059326171875,3.0128257274627686,1.6224268674850464,0.023862171173095748,-0.05310770869255066,-0.0587921142578125,3.0128257274627686
0.0,30.0,4.0,2.0,20.31824493408203,3.3968567848205566,2.073721170425415,6.144323825836182,1.7365937232971191,0.517646074295044,-0.3227251688639323,0.03686058521270752,0.5360809564590454,1.7365937232971191
0.0,30.0,6.0,3.0,24.19818878173828,4.574881553649902,3.0924859046936035,7.758345127105713,2.3070850372314453,0.5645743012428284,-0.19339370727539062,0.030828634897867913,0.2930575211842854,2.3070850372314453
0.0,30.0,8.0,4.0,25.653284072875977,3.607825756072998,3.888415575027466,9.221904754638672,2.1438300609588623,0.6180424690246582,-0.14489053090413406,-0.027896106243133545,0.15273809432983398,2.1438300609588623
0.0,30.0,10.0,5.0,31.593008041381836,5.855552673339844,4.926602363586426,9.665246963500977,2.505262851715088,0.42679184675216675,0.05310026804606127,-0.014679527282714822,-0.033475303649902366,2.505262851715088
0.0,30.0,12.0,6.0,28.571361541748047,3.247082471847534,5.898284435272217,12.492574691772461,2.6777398586273193,0.6634008288383484,-0.04762128194173176,-0.016952594121297238,0.04104789098103834,2.6777398586273193
0.0,30.0,14.0,7.0,29.110328674316406,3.430112838745117,6.846296310424805,14.241345405578613,2.609238386154175,0.6494365930557251,-0.029655710856119843,-0.021957669939313584,0.017238957541329425,2.609238386154175
0.0,30.0,16.0,8.0,29.308259963989258,3.4784421920776367,7.34330940246582,15.192790985107422,3.089681386947632,0.9237367510795593,-0.023058001200358058,-0.08208632469177246,-0.05045056343078613,3.089681386947632
0.0,40.0,4.0,2.6666666666666665,27.551149368286133,3.6515655517578125,2.9868686199188232,6.608180046081543,1.7330900430679321,0.5033153295516968,-0.3112212657928467,0.12007573246955872,0.6520450115203857,1.7330900430679321
0.0,40.0,6.0,4.0,32.7824821472168,5.507099628448486,4.055805683135986,7.580578804016113,2.3998453617095947,0.6689956188201904,-0.1804379463195801,0.013951420783996582,0.2634298006693523,2.3998453617095947
0.0,40.0,8.0,5.333333333333333,34.30219268798828,4.496781349182129,5.325412750244141,9.432328224182129,2.41424822807312,0.7323765158653259,-0.14244518280029295,-0.0014851093292236328,0.1790410280227661,2.41424822807312
0.0,40.0,10.0,6.666666666666667,39.23398971557617,5.782097339630127,6.521358013153076,10.180771827697754,2.3642308712005615,0.4482370913028717,-0.019150257110595703,-0.02179629802703864,0.018077182769775435,2.3642308712005615
0.0,40.0,12.0,8.0,40.00799560546875,5.346676826477051,7.54337215423584,11.515036582946777,3.097141981124878,0.8912184238433838,0.00019989013671883882,-0.05707848072052002,-0.040413618087768555,3.097141981124878
0.0,40.0,14.0,9.333333333333334,39.22288513183594,4.154883861541748,9.214258193969727,14.217121124267578,3.212803602218628,1.0104916095733643,-0.01942787170410154,-0.012758050646100805,0.015508651733398438,3.212803602218628
0.0,40.0,16.0,10.666666666666666,39.527381896972656,3.2126970291137695,9.976693153381348,15.222407341003418,2.8087286949157715,0.6384606957435608,-0.011815452575683616,-0.06468501687049866,-0.04859954118728638,2.8087286949157715
0.0,50.0,4.0,3.3333333333333335,35.202999114990234,6.030238151550293,3.0125505924224854,5.289847373962402,2.1398730278015137,0.467205673456192,-0.2959400177001953,-0.09623482227325442,0.3224618434906006,2.1398730278015137
0.0,50.0,6.0,5.0,40.043678283691406,4.901455402374268,4.8863420486450195,7.36691427230835,1.980417013168335,0.5230787992477417,-0.19912643432617183,-0.022731590270996138,0.22781904538472486,1.980417013168335
0.0,50.0,8.0,6.666666666666667,44.69721221923828,5.01230001449585,6.518585681915283,8.849459648132324,1.9519003629684448,0.42138513922691345,-0.10605575561523439,-0.02221214771270752,0.10618245601654053,1.9519003629684448
0.0,50.0,10.0,8.333333333333334,44.656917572021484,4.013121604919434,8.372547149658203,11.334951400756836,2.1283562183380127,0.4894362688064575,-0.10686164855957037,0.004705657958984366,0.13349514007568364,2.1283562183380127
0.0,50.0,12.0,10.0,49.327476501464844,5.13769006729126,9.83691692352295,12.085409164428711,2.447585105895996,0.699068009853363,-0.013450469970703094,-0.016308307647705078,0.007117430369059319,2.447585105895996
0.0,50.0,14.0,11.666666666666666,50.96128845214844,5.786158084869385,11.107416152954102,13.226558685302734,2.268003463745117,0.537362277507782,0.019225769042968688,-0.047935758318219834,-0.05524580819266178,2.268003463745117
0.0,50.0,16.0,13.333333333333334,50.22279357910156,5.786421298980713,12.361878395080566,14.914023399353027,2.6052777767181396,0.6890351176261902,0.004455871582031312,-0.07285912036895759,-0.06787353754043579,2.6052777767181396
0.0,60.0,4.0,4.0,43.580379486083984,5.417879581451416,3.9505774974823,5.517972946166992,1.921656608581543,0.43190333247184753,-0.2736603418986002,-0.012355625629425049,0.37949323654174805,1.921656608581543
0.0,60.0,6.0,6.0,49.569942474365234,4.915046215057373,5.722314357757568,6.989727973937988,2.138239860534668,0.40539899468421936,-0.17383429209391277,-0.046280940373738644,0.16495466232299805,2.138239860534668
0.0,60.0,8.0,8.0,52.83121109008789,4.844181537628174,8.087398529052734,9.253939628601074,2.0944511890411377,0.47252145409584045,-0.11947981516520179,0.010924816131591797,0.15674245357513428,2.0944511890411377
0.0,60.0,10.0,10.0,55.81853485107422,6.932500839233398,10.063212394714355,10.976093292236328,2.3805124759674072,0.8162358403205872,-0.06969108581542971,0.006321239471435591,0.09760932922363286,2.3805124759674072
0.0,60.0,12.0,12.0,56.41035461425781,4.821158409118652,11.793060302734375,12.628557205200195,2.4504570960998535,0.729019045829773,-0.0598274230957031,-0.01724497477213538,0.05237976710001635,2.4504570960998535
0.0,60.0,14.0,14.0,60.26228332519531,5.3254218101501465,13.646927833557129,13.678545951843262,2.449040651321411,0.41933387517929077,0.0043713887532552675,-0.025219440460205078,-0.022961003439767036,2.449040651321411
0.0,60.0,16.0,16.0,57.34685134887695,4.838249206542969,14.945796012878418,15.719978332519531,2.276555061340332,0.6455358862876892,-0.044219144185384085,-0.06588774919509888,-0.017501354217529297,2.276555061340332
0.0,70.0,4.0,4.666666666666667,50.51191711425781,6.227206230163574,4.520028591156006,5.4476447105407715,1.683821439743042,0.3259389400482178,-0.2784011840820313,-0.031422444752284506,0.36191117763519287,1.683821439743042
0.0,70.0,6.0,7.0,55.40522766113281,5.742969512939453,6.867321968078613,7.514938831329346,2.0347747802734375,0.5169335007667542,-0.20849674769810267,-0.018954004560198134,0.2524898052215576,2.0347747802734375
0.0,70.0,8.0,9.333333333333334,63.402408599853516,5.977773189544678,9.19835376739502,8.76924991607666,2.0055928230285645,0.3822927176952362,-0.0942513057163783,-0.014462096350533638,0.09615623950958252,2.0055928230285645
0.0,70.0,10.0,11.666666666666666,62.81743240356445,6.331367492675781,11.385881423950195,10.970062255859375,2.183577060699463,0.32105574011802673,-0.10260810852050783,-0.0240673065185546,0.09700622558593741,2.183577060699463
0.0,70.0,12.0,14.0,65.12539672851562,6.026121139526367,13.301935195922852,12.332176208496094,2.1497550010681152,0.5366156697273254,-0.06963718959263387,-0.04986177171979633,0.027681350708007812,2.1497550010681152
0.0,70.0,14.0,16.333333333333332,67.43014526367188,6.044562339782715,15.231327056884766,13.598943710327148,2.453608274459839,0.49691835045814514,-0.03671221051897322,-0.06746977202746329,-0.028646877833775064,2.453608274459839
0.0,70.0,16.0,18.666666666666668,64.61992645263672,5.170231819152832,16.697738647460938,15.532618522644043,2.4256529808044434,0.6738824844360352,-0.07685819353376111,-0.10547828674316417,-0.029211342334747314,2.4256529808044434
1.0,10.0,4.0,0.6666666666666666,8.807633399963379,3.694838047027588,0.8730469346046448,6.224971771240234,3.450904130935669,2.328197479248047,-0.11923666000366206,0.30957040190696716,0.5562429428100586,2.450904130935669
1.0,10.0,6.0,1.0,9.617169380187988,3.3840830326080322,0.8218340277671814,4.957464218139648,4.056596279144287,1.582501769065857,-0.03828306198120113,-0.1781659722328186,-0.17375596364339196,3.056596279144287
1.0,10.0,8.0,1.3333333333333333,9.532880783081055,2.899899959564209,1.403629183769226,9.326152801513672,4.016338348388672,2.6767027378082275,-0.04671192169189453,0.052721887826919556,0.16576910018920898,3.016338348388672
1.0,10.0,10.0,1.6666666666666667,10.097038269042969,2.815507173538208,1.6997894048690796,10.612810134887695,4.157487392425537,4.669443607330322,0.00970382690429683,0.019873642921447665,0.061281013488769576,3.157487392425537
1.0,10.0,12.0,2.0,10.793259620666504,2.652047634124756,1.9729129076004028,11.187450408935547,4.69343900680542,1.9086049795150757,0.07932596206665044,-0.013543546199798584,-0.06771246592203772,3.69343900680542
1.0,10.0,14.0,2.3333333333333335,11.721248626708984,2.748828649520874,2.004277229309082,10.260005950927734,3.9629476070404053,1.2408390045166016,0.17212486267089844,-0.14102404458182205,-0.2671424320765904,2.9629476070404053
1.0,10.0,16.0,2.6666666666666665,12.595276832580566,2.740762948989868,2.537752151489258,12.477324485778809,4.889227867126465,2.0267488956451416,0.25952768325805664,-0.04834294319152832,-0.22016721963882446,3.889227867126465
1.0,20.0,4.0,1.3333333333333333,14.548393249511719,3.0493645668029785,1.5826972723007202,6.71672248840332,3.17134165763855,0.857014536857605,-0.272580337524414,0.18702295422554016,0.6791806221008301,2.17134165763855
1.0,20.0,6.0,2.0,16.434877395629883,2.9147095680236816,2.047823190689087,7.5669403076171875,3.260267972946167,0.9217597246170044,-0.17825613021850584,0.023911595344543457,0.261156717936198,2.260267972946167
1.0,20.0,8.0,2.6666666666666665,16.76835823059082,3.9684066772460938,2.6987874507904053,10.01550006866455,3.416076421737671,0.9169524312019348,-0.16158208847045896,0.012045294046401978,0.25193750858306885,2.416076421737671
1.0,20.0,10.0,3.3333333333333335,17.651662826538086,2.837003707885742,3.025681495666504,10.45142936706543,3.69413423538208,1.0512151718139648,-0.1174168586730957,-0.09229555130004885,0.04514293670654301,2.69413423538208
1.0,20.0,12.0,4.0,18.6925048828125,3.3871073722839355,3.629391670227051,11.871936798095703,3.448047399520874,1.1450937986373901,-0.06537475585937502,-0.0926520824432373,-0.010671933492024777,2.448047399520874
1.0,20.0,14.0,4.666666666666667,20.734329223632812,3.56847882270813,4.210364818572998,12.480352401733398,3.753743886947632,1.0203309059143066,0.036716461181640625,-0.09777896744864334,-0.10854625701904297,2.753743886947632
1.0,20.0,16.0,5.333333333333333,20.876327514648438,3.8819832801818848,4.918504238128662,14.517642974853516,4.143644332885742,1.0259276628494263,0.04381637573242192,-0.07778045535087585,-0.09264731407165527,3.143644332885742
1.0,30.0,4.0,2.0,20.866439819335938,3.7196052074432373,2.2161755561828613,6.542603015899658,2.8224549293518066,0.6820599436759949,-0.3044520060221354,0.10808777809143066,0.6356507539749146,1.8224549293518066
1.0,30.0,6.0,3.0,25.62575912475586,5.523510932922363,2.818859338760376,6.810815811157227,3.107454538345337,0.6764901280403137,-0.14580802917480473,-0.06038022041320801,0.13513596852620435,2.107454538345337
1.0,30.0,8.0,4.0,27.784589767456055,5.030791759490967,3.803034782409668,8.44245433807373,3.3091063499450684,0.47660043835639954,-0.0738470077514648,-0.04924130439758301,0.05530679225921631,2.3091063499450684
1.0,30.0,10.0,5.0,28.685070037841797,4.638840675354004,4.8524274826049805,10.439131736755371,3.432396173477173,0.6558273434638977,-0.04383099873860674,-0.029514503479003862,0.043913173675537154,2.432396173477173
1.0,30.0,12.0,6.0,27.525548934936523,4.517566680908203,5.71054220199585,12.637581825256348,3.559896230697632,0.9807797074317932,-0.08248170216878259,-0.04824296633402503,0.053131818771362305,2.559896230697632
1.0,30.0,14.0,7.0,29.724853515625,3.5447299480438232,6.495429515838623,13.262763977050781,3.890869140625,0.7222580313682556,-0.009171549479166652,-0.07208149773733952,-0.05265971592494423,2.890869140625
1.0,30.0,16.0,8.0,28.276700973510742,4.014814853668213,7.1563944816589355,15.400381088256836,4.042482852935791,1.2402883768081665,-0.05744330088297522,-0.10545068979263306,-0.037476181983947754,3.042482852935791
1.0,40.0,4.0,2.6666666666666665,28.735984802246094,4.192318439483643,2.318647861480713,4.892076015472412,3.1290416717529297,0.4830285906791687,-0.2816003799438477,-0.13050705194473267,0.22301900386810303,2.1290416717529297
1.0,40.0,6.0,4.0,35.28961181640625,5.684910297393799,4.222735404968262,7.374852180480957,3.1075439453125,0.5125361680984497,-0.11775970458984375,0.05568385124206543,0.22914203008015943,2.1075439453125
1.0,40.0,8.0,5.333333333333333,37.30140686035156,5.274791717529297,5.3767194747924805,8.815237998962402,3.0116584300994873,0.4298381805419922,-0.06746482849121094,0.008134901523590088,0.10190474987030029,2.0116584300994873
1.0,40.0,10.0,6.666666666666667,36.35661315917969,4.661884307861328,6.496128082275391,10.884571075439453,3.5608561038970947,0.9088084101676941,-0.09108467102050777,-0.02558078765869143,0.08845710754394531,2.5608561038970947
1.0,40.0,12.0,8.0,38.85074234008789,6.381260871887207,7.498403549194336,11.804464340209961,3.4338903427124023,0.6024314165115356,-0.028731441497802712,-0.06269955635070801,-0.01629463831583655,2.4338903427124023
1.0,40.0,14.0,9.333333333333334,38.63175582885742,4.188516139984131,8.756426811218262,13.72744369506836,3.879072904586792,0.7357926964759827,-0.03420610427856441,-0.061811413083757705,-0.019468307495117188,2.879072904586792
1.0,40.0,16.0,10.666666666666666,39.2116813659668,5.306481838226318,9.721731185913086,15.069125175476074,4.2058916091918945,0.91683030128479,-0.019707965850830123,-0.0885877013206482,-0.05817967653274536,3.2058916091918945
1.0,50.0,4.0,3.3333333333333335,37.07648849487305,5.806148052215576,3.62044095993042,5.938530921936035,2.7297110557556152,0.4316033124923706,-0.2584702301025391,0.08613228797912598,0.4846327304840088,1.7297110557556152
1.0,50.0,6.0,5.0,41.868385314941406,4.858992576599121,4.939871311187744,7.187309741973877,3.017200231552124,0.5937050580978394,-0.16263229370117183,-0.012025737762451194,0.19788495699564623,2.017200231552124
1.0,50.0,8.0,6.666666666666667,44.98210144042969,6.389098644256592,6.703770160675049,9.108451843261719,3.0130765438079834,0.5310208201408386,-0.10035797119140621,0.005565524101257324,0.13855648040771484,2.0130765438079834
1.0,50.0,10.0,8.333333333333334,44.5407829284668,3.6687545776367188,7.934012413024902,10.757582664489746,3.3919079303741455,0.54627925157547,-0.10918434143066402,-0.047918510437011785,0.07575826644897465,2.3919079303741455
1.0,50.0,12.0,10.0,50.7872314453125,5.237786769866943,9.732970237731934,11.632282257080078,3.485553503036499,0.5454444289207458,0.015744628906249947,-0.02670297622680662,-0.030643145243326786,2.485553503036499
1.0,50.0,14.0,11.666666666666666,47.08842468261719,4.681598663330078,11.28571891784668,14.494946479797363,3.8504910469055176,0.9482799172401428,-0.05823150634765628,-0.032652664184570246,0.035353319985526044,2.8504910469055176
1.0,50.0,16.0,13.333333333333334,48.909828186035156,6.249879837036133,11.940759658813477,14.815088272094727,3.6338107585906982,0.9430938363075256,-0.02180343627929693,-0.10444302558898932,-0.07405698299407959,2.6338107585906982
1.0,60.0,4.0,4.0,43.36061096191406,5.232635498046875,4.083377838134766,5.714893341064453,2.8389089107513428,0.31805357336997986,-0.27732315063476565,0.020844459533691406,0.4287233352661133,1.8389089107513428
1.0,60.0,6.0,6.0,49.6506233215332,5.284128665924072,6.07883358001709,7.421763896942139,2.8904190063476562,0.4644251763820648,-0.17248961130777996,0.013138930002848381,0.23696064949035645,1.8904190063476562
1.0,60.0,8.0,8.0,54.99871063232422,5.692501544952393,8.04626750946045,8.848505020141602,3.0940277576446533,0.3827340304851532,-0.08335482279459638,0.005783438682556152,0.1060631275177002,2.0940277576446533
1.0,60.0,10.0,10.0,59.9154052734375,7.305019855499268,9.798713684082031,9.938573837280273,3.0722262859344482,0.4075932502746582,-0.0014099121093750222,-0.020128631591796897,-0.006142616271972656,2.0722262859344482
1.0,60.0,12.0,12.0,57.55343246459961,4.616884231567383,11.552175521850586,12.118084907531738,3.110337734222412,0.42197591066360474,-0.04077612559000654,-0.03731870651245117,0.009840408960978264,2.110337734222412
1.0,60.0,14.0,14.0,60.58449172973633,6.960573673248291,13.222233772277832,13.210470199584961,3.167985200881958,0.4748050570487976,0.009741528828938861,-0.05555473055158344,-0.056394985743931314,2.167985200881958
1.0,60.0,16.0,16.0,61.07904815673828,6.79258394241333,14.315245628356934,14.194485664367676,3.3597283363342285,0.6393643617630005,0.01798413594563808,-0.10529714822769165,-0.11284464597702026,2.3597283363342285
1.0,70.0,4.0,4.666666666666667,49.072471618652344,5.438240051269531,4.669317245483398,5.759653091430664,2.6295671463012695,0.4464695155620575,-0.29896469116210933,0.0005679811750138875,0.439913272857666,1.6295671463012695
1.0,70.0,6.0,7.0,57.13874053955078,4.894311428070068,6.897940158843994,7.2793684005737305,2.8005099296569824,0.4717807173728943,-0.18373227800641745,-0.014579977308000869,0.21322806676228834,1.8005099296569824
1.0,70.0,8.0,9.333333333333334,61.72455596923828,5.927807331085205,8.970854759216309,8.783171653747559,2.9551055431365967,0.27192923426628113,-0.1182206290108817,-0.038836990083967016,0.09789645671844482,1.9551055431365967
1.0,70.0,10.0,11.666666666666666,60.774253845214844,6.562392234802246,10.80520248413086,10.770329475402832,3.0270535945892334,0.4264735281467438,-0.1317963736397879,-0.07383978707449768,0.07703294754028311,2.0270535945892334
1.0,70.0,12.0,14.0,63.822731018066406,6.247478008270264,13.122907638549805,12.382447242736816,3.0669612884521484,0.4617616534233093,-0.08824669974190846,-0.0626494543892997,0.03187060356140137,2.0669612884521484
1.0,70.0,14.0,16.333333333333332,64.09607696533203,5.67990255355835,15.178418159484863,14.288459777832031,3.4292402267456055,0.9105978012084961,-0.0843417576381138,-0.07070909227643685,0.020604269845145184,2.4292402267456055
1.0,70.0,16.0,18.666666666666668,66.42646789550781,6.601603984832764,16.243539810180664,14.7354154586792,3.469108819961548,0.5016237497329712,-0.05105045863560265,-0.12981036731175022,-0.07903653383255005,2.469108819961548
2.0,10.0,4.0,0.6666666666666666,9.250746726989746,3.3663198947906494,0.9902828931808472,6.720761775970459,3.8259875774383545,1.5212053060531616,-0.07492532730102541,0.48542433977127075,0.6801904439926147,1.8259875774383545
2.0,10.0,6.0,1.0,9.79703426361084,2.846961736679077,1.1901047229766846,7.304685592651367,4.69624662399292,1.3130351305007935,-0.020296573638916016,0.19010472297668457,0.2174475987752278,2.69624662399292
2.0,10.0,8.0,1.3333333333333333,9.840607643127441,2.3425309658050537,1.5695452690124512,9.733931541442871,5.348694324493408,1.4787927865982056,-0.01593923568725586,0.17715895175933838,0.2167414426803589,3.348694324493408
2.0,10.0,10.0,1.6666666666666667,10.200902938842773,2.358060121536255,1.8044639825820923,11.083171844482422,6.29721736907959,4.745672702789307,0.0200902938842773,0.08267838954925533,0.10831718444824223,4.29721736907959
2.0,10.0,12.0,2.0,10.934322357177734,2.124053716659546,2.070495128631592,11.610008239746094,5.352563858032227,1.95597505569458,0.09343223571777348,0.0352475643157959,-0.03249931335449219,3.3525638580322266
2.0,10.0,14.0,2.3333333333333335,10.513633728027344,2.6565935611724854,1.9344788789749146,11.196961402893066,5.723940849304199,2.5663793087005615,0.051363372802734286,-0.17093762329646522,-0.20021704265049522,3.723940849304199
2.0,10.0,16.0,2.6666666666666665,11.94384479522705,3.709671974182129,2.493988037109375,13.18488883972168,4.915969371795654,2.178086757659912,0.194384479522705,-0.06475448608398438,-0.17594444751739502,2.9159693717956543
2.0,20.0,4.0,1.3333333333333333,14.933758735656738,3.1950230598449707,1.3779540061950684,5.6389851570129395,3.854752540588379,0.6317681670188904,-0.25331206321716304,0.03346550464630127,0.40974628925323486,1.854752540588379
2.0,20.0,6.0,2.0,15.897350311279297,2.9927873611450195,1.8565113544464111,7.193826198577881,4.258164405822754,0.5974768400192261,-0.20513248443603516,-0.07174432277679443,0.19897103309631348,2.258164405822754
2.0,20.0,8.0,2.6666666666666665,17.7011775970459,2.9148871898651123,2.681170701980591,9.203636169433594,4.569063186645508,0.6649422645568848,-0.11494112014770508,0.005439013242721558,0.15045452117919922,2.569063186645508
2.0,20.0,10.0,3.3333333333333335,19.17093849182129,3.2470014095306396,2.974003553390503,9.453496932983398,4.640188217163086,0.730035126209259,-0.0414530754089355,-0.10779893398284912,-0.054650306701660156,2.640188217163086
2.0,20.0,12.0,4.0,17.892684936523438,2.0456087589263916,3.660229206085205,12.372323989868164,5.1060686111450195,1.0185497999191284,-0.10536575317382812,-0.08494269847869873,0.031026999155680413,3.1060686111450195
2.0,20.0,14.0,4.666666666666667,18.4300594329834,2.807879686355591,4.117311477661133,13.599481582641602,5.571567535400391,1.7539509534835815,-0.07849702835083006,-0.11771896907261448,-0.02860845838274273,3.5715675354003906
2.0,20.0,16.0,5.333333333333333,19.67962646484375,3.4345672130584717,4.605269908905029,14.235239028930664,5.053280353546143,1.199800968170166,-0.016018676757812544,-0.136511892080307,-0.1102975606918335,3.0532803535461426
2.0,30.0,4.0,2.0,22.575281143188477,4.108494281768799,2.1419215202331543,5.834563732147217,3.9263577461242676,0.46139848232269287,-0.24749062856038406,0.07096076011657715,0.4586409330368042,1.9263577461242676
2.0,30.0,6.0,3.0,23.484966278076172,3.4821360111236572,3.059018850326538,7.817922592163086,4.428829193115234,0.6204203963279724,-0.21716779073079429,0.019672950108845955,0.30298709869384766,2.4288291931152344
2.0,30.0,8.0,4.0,26.28143882751465,3.488539695739746,4.218294143676758,9.699265480041504,4.56576681137085,0.5817269086837769,-0.12395203908284502,0.05457353591918945,0.212408185005188,2.5657668113708496
2.0,30.0,10.0,5.0,29.047868728637695,4.312672138214111,5.0242509841918945,10.52108383178711,4.9767961502075195,0.8991261124610901,-0.03173770904541018,0.004850196838378951,0.052108383178711026,2.9767961502075195
2.0,30.0,12.0,6.0,28.3493595123291,3.578705310821533,5.411100387573242,11.564349174499512,4.6558518409729,0.6107536554336548,-0.05502134958902993,-0.0981499354044596,-0.03630423545837402,2.6558518409729004
2.0,30.0,14.0,7.0,29.328157424926758,3.2659387588500977,6.540075302124023,13.485330581665039,4.625302314758301,0.7852280139923096,-0.022394752502441384,-0.06570352826799664,-0.03676210130964008,2.625302314758301
2.0,30.0,16.0,8.0,27.519166946411133,3.7422354221343994,6.571591377258301,14.487088203430176,5.344904899597168,1.3181207180023193,-0.08269443511962893,-0.1785510778427124,-0.09455698728561401,3.344904899597168
2.0,40.0,4.0,2.6666666666666665,28.27068519592285,5.3462934494018555,2.5625569820404053,5.653051376342773,3.877511978149414,0.48284247517585754,-0.29323287010192867,-0.03904113173484802,0.41326284408569336,1.877511978149414
2.0,40.0,6.0,4.0,33.451072692871094,5.519997596740723,4.303189754486084,7.9424004554748535,4.072513580322266,0.43259239196777344,-0.1637231826782226,0.075797438621521,0.32373340924580885,2.0725135803222656
2.0,40.0,8.0,5.333333333333333,34.93488693237305,4.06666374206543,5.485227584838867,9.53832721710205,4.291427135467529,0.8591480851173401,-0.12662782669067385,0.028480172157287598,0.19229090213775635,2.2914271354675293
2.0,40.0,10.0,6.666666666666667,37.340145111083984,4.614087104797363,6.747730255126953,10.992444038391113,4.524846076965332,0.6640726923942566,-0.06649637222290039,0.012159538269042924,0.09924440383911137,2.524846076965332
2.0,40.0,12.0,8.0,38.305335998535156,4.891615390777588,7.4957380294799805,11.846199035644531,4.48072624206543,0.5763899683952332,-0.04236660003662107,-0.06303274631500244,-0.012816747029622433,2.4807262420654297
2.0,40.0,14.0,9.333333333333334,39.052337646484375,4.532636642456055,8.656169891357422,13.430024147033691,4.5011820793151855,0.8197245001792908,-0.023691558837890647,-0.07255322592599056,-0.04071256092616493,2.5011820793151855
2.0,40.0,16.0,10.666666666666666,39.291831970214844,4.302286624908447,9.084087371826172,14.000812530517578,4.703736305236816,0.833362340927124,-0.017704200744628862,-0.1483668088912964,-0.12494921684265137,2.7037363052368164
2.0,50.0,4.0,3.3333333333333335,34.524375915527344,5.470004558563232,3.4320507049560547,6.1135478019714355,3.811626672744751,0.8074668049812317,-0.3095124816894531,0.02961521148681645,0.5283869504928589,1.811626672744751
2.0,50.0,6.0,5.0,39.839107513427734,4.387819766998291,4.839567184448242,7.3551836013793945,4.109447479248047,0.5882298946380615,-0.2032178497314453,-0.03208656311035152,0.22586393356323242,2.109447479248047
2.0,50.0,8.0,6.666666666666667,43.88002014160156,5.48369836807251,6.568472862243652,9.067044258117676,4.440319538116455,0.7092127203941345,-0.12239959716796878,-0.014729070663452193,0.13338053226470947,2.440319538116455
2.0,50.0,10.0,8.333333333333334,44.81880187988281,4.529129981994629,8.034653663635254,10.835296630859375,4.049885272979736,0.761074423789978,-0.10362396240234373,-0.03584156036376962,0.08352966308593746,2.0498852729797363
2.0,50.0,12.0,10.0,49.122718811035156,3.7017674446105957,9.767338752746582,11.978994369506836,4.2469000816345215,0.491316556930542,-0.017545623779296915,-0.02326612472534184,-0.0017504692077636719,2.2469000816345215
2.0,50.0,14.0,11.666666666666666,50.515506744384766,4.582878589630127,10.791352272033691,12.919981956481934,4.452136039733887,0.6072991490364075,0.010310134887695277,-0.07502694811139787,-0.07714414596557617,2.4521360397338867
2.0,50.0,16.0,13.333333333333334,52.02277374267578,7.046220302581787,11.464853286743164,13.36351203918457,4.570855617523193,0.8440548181533813,0.04045547485351553,-0.1401360034942627,-0.16478049755096436,2.5708556175231934
2.0,60.0,4.0,4.0,46.06031799316406,6.10260534286499,4.141679763793945,5.4930572509765625,3.6644537448883057,0.47097375988960266,-0.2323280334472656,0.03541994094848633,0.3732643127441406,1.6644537448883057
2.0,60.0,6.0,6.0,48.417274475097656,7.34882116317749,6.05743408203125,7.629274368286133,3.8716378211975098,0.39662817120552063,-0.1930454254150391,0.00957234700520826,0.27154572804768873,1.8716378211975098
2.0,60.0,8.0,8.0,52.53323745727539,6.13973331451416,8.081589698791504,9.338576316833496,4.273012161254883,0.4841822683811188,-0.12444604237874346,0.010198712348937988,0.167322039604187,2.273012161254883
2.0,60.0,10.0,10.0,56.689666748046875,6.334009170532227,10.002270698547363,10.71074104309082,4.18507719039917,0.6204918622970581,-0.05517222086588547,0.00022706985473641694,0.07107410430908212,2.18507719039917
2.0,60.0,12.0,12.0,55.5665168762207,5.887542724609375,11.206515312194824,12.224231719970703,4.055186748504639,0.7343757152557373,-0.07389138539632156,-0.06612372398376465,0.018685976664225334,2.0551867485046387
2.0,60.0,14.0,14.0,60.76925277709961,5.739153861999512,12.970768928527832,12.910604476928711,4.08976936340332,0.6351379752159119,0.012820879618326897,-0.07351650510515484,-0.07781396593366352,2.0897693634033203
2.0,60.0,16.0,16.0,63.18828582763672,6.1572184562683105,13.87918472290039,13.236410140991211,4.230620861053467,0.39071574807167053,0.05313809712727857,-0.13255095481872559,-0.17272436618804932,2.230620861053467
2.0,70.0,4.0,4.666666666666667,50.148887634277344,5.9552483558654785,4.833993434906006,5.838943958282471,3.510765790939331,0.4747207760810852,-0.2835873195103237,0.035855736051287,0.4597359895706177,1.510765790939331
2.0,70.0,6.0,7.0,56.99595260620117,6.223727703094482,6.779076099395752,7.182525157928467,3.887549638748169,0.47014620900154114,-0.18577210562569757,-0.03156055722917828,0.19708752632141113,1.887549638748169
2.0,70.0,8.0,9.333333333333334,58.983314514160156,6.979233264923096,8.8795166015625,9.157745361328125,4.12150764465332,0.8327365517616272,-0.1573812212262835,-0.04862322126116081,0.14471817016601562,2.1215076446533203
2.0,70.0,10.0,11.666666666666666,62.84368133544922,7.687586307525635,11.10928726196289,10.712263107299805,4.181217670440674,0.3838129937648773,-0.10223312377929683,-0.04777537754603789,0.07122631072998042,2.181217670440674
2.0,70.0,12.0,14.0,64.86807250976562,6.835070610046387,12.808692932128906,11.934257507324219,4.124409198760986,0.4160361588001251,-0.07331324986049104,-0.08509336199079243,-0.005478541056315067,2.1244091987609863
2.0,70.0,14.0,16.333333333333332,67.1987075805664,7.512135982513428,14.679532051086426,13.1759614944458,4.270775318145752,0.5206565260887146,-0.04001846313476565,-0.10125313972940242,-0.05885989325387142,2.270775318145752
2.0,70.0,16.0,18.666666666666668,67.91890716552734,6.217793941497803,15.772551536560059,13.953953742980957,4.0408196449279785,0.30286934971809387,-0.029729897635323632,-0.1550418819699969,-0.12787789106369019,2.0408196449279785
3.0,10.0,4.0,0.6666666666666666,8.554919242858887,3.447810649871826,0.8671693205833435,6.004971981048584,6.331967830657959,5.683442115783691,-0.14450807571411128,0.30075398087501526,0.501242995262146,3.331967830657959
3.0,10.0,6.0,1.0,8.66003131866455,2.5571975708007812,0.9073197245597839,6.204351902008057,5.498419761657715,1.5510227680206299,-0.13399686813354494,-0.09268027544021606,0.03405865033467603,2.498419761657715
3.0,10.0,8.0,1.3333333333333333,10.318188667297363,1.989872932434082,1.1297125816345215,6.694754600524902,5.6267619132995605,1.7695786952972412,0.03181886672973633,-0.1527155637741089,-0.1631556749343872,2.6267619132995605
3.0,10.0,10.0,1.6666666666666667,11.608872413635254,2.31195330619812,1.7304290533065796,9.094207763671875,6.245590686798096,1.133398413658142,0.1608872413635254,0.03825743198394771,-0.09057922363281246,3.2455906867980957
3.0,10.0,12.0,2.0,11.526972770690918,2.6455419063568115,2.1707510948181152,11.730262756347656,5.693052768707275,2.04850172996521,0.15269727706909175,0.08537554740905762,-0.022478103637695312,2.6930527687072754
3.0,10.0,14.0,2.3333333333333335,11.630712509155273,2.7070236206054688,2.3083503246307373,12.266386985778809,6.158189296722412,1.9479713439941406,0.16307125091552743,-0.010707003729684028,-0.12382950101579937,3.158189296722412
3.0,10.0,16.0,2.6666666666666665,12.123296737670898,2.965775966644287,2.498422622680664,12.472521781921387,5.966895580291748,2.494377851486206,0.2123296737670899,-0.06309151649475098,-0.22046738862991333,2.966895580291748
3.0,20.0,4.0,1.3333333333333333,14.024136543273926,2.413245439529419,1.588147759437561,6.734924793243408,4.323754787445068,0.9632712602615356,-0.2987931728363037,0.19111081957817078,0.683731198310852,1.3237547874450684
3.0,20.0,6.0,2.0,16.882417678833008,2.7730040550231934,2.052354335784912,7.315604209899902,5.3006086349487305,0.8732977509498596,-0.1558791160583496,0.026177167892456055,0.2192673683166504,2.3006086349487305
3.0,20.0,8.0,2.6666666666666665,16.47039794921875,2.8993618488311768,2.586160182952881,9.621803283691406,5.779059886932373,1.0801739692687988,-0.17648010253906254,-0.030189931392669678,0.20272541046142578,2.779059886932373
3.0,20.0,10.0,3.3333333333333335,18.542400360107422,3.173084259033203,3.1378161907196045,10.373403549194336,5.512246131896973,0.7459326386451721,-0.07287998199462886,-0.05865514278411865,0.03734035491943355,2.5122461318969727
3.0,20.0,12.0,4.0,18.427043914794922,3.1668508052825928,3.786201238632202,12.544010162353516,5.956216335296631,0.8436451554298401,-0.07864780426025386,-0.05344969034194946,0.04533418019612623,2.956216335296631
3.0,20.0,14.0,4.666666666666667,19.24428939819336,2.851811408996582,4.108036518096924,13.058916091918945,5.939434051513672,1.2194163799285889,-0.03778553009033203,-0.11970646040780208,-0.06722027914864681,2.939434051513672
3.0,20.0,16.0,5.333333333333333,18.44214630126953,2.55912184715271,4.369615077972412,14.430519104003906,6.371957778930664,1.6093580722808838,-0.07789268493652346,-0.18069717288017273,-0.09809255599975586,3.371957778930664
3.0,30.0,4.0,2.0,20.2451229095459,3.280381202697754,2.0517234802246094,6.1917548179626465,4.501815319061279,0.6333810091018677,-0.32516256968180335,0.025861740112304688,0.5479387044906616,1.5018153190612793
3.0,30.0,6.0,3.0,23.545698165893555,3.790398597717285,3.102512836456299,8.063565254211426,5.154907703399658,0.5114690661430359,-0.2151433944702148,0.03417094548543287,0.34392754236857104,2.154907703399658
3.0,30.0,8.0,4.0,29.177396774291992,5.094317436218262,3.977602243423462,8.437762260437012,5.433362007141113,0.5072130560874939,-0.027420107523600246,-0.0055994391441345215,0.054720282554626465,2.4333620071411133
3.0,30.0,10.0,5.0,28.063156127929688,4.148397445678711,4.845241546630859,10.561176300048828,5.480573654174805,0.5857032537460327,-0.06456146240234373,-0.03095169067382808,0.0561176300048829,2.4805736541748047
3.0,30.0,12.0,6.0,28.772686004638672,5.6457200050354,5.58674430847168,11.977356910705566,5.458942413330078,0.8208360075950623,-0.04091046651204422,-0.06887594858805335,-0.0018869241078695032,2.458942413330078
3.0,30.0,14.0,7.0,29.95832061767578,4.71850061416626,6.240073204040527,12.693675994873047,5.7051920890808105,0.5920296311378479,-0.0013893127441406694,-0.10856097085135319,-0.09330885750906803,2.7051920890808105
3.0,30.0,16.0,8.0,29.5510311126709,4.742265701293945,6.6934685707092285,13.874624252319336,5.7133259773254395,1.1540416479110718,-0.014965629577636697,-0.16331642866134644,-0.1328359842300415,2.7133259773254395
3.0,40.0,4.0,2.6666666666666665,28.717355728149414,5.128757953643799,2.6034679412841797,5.523252010345459,4.725269317626953,0.4235343933105469,-0.28206610679626465,-0.023699522018432617,0.38081300258636475,1.7252693176269531
3.0,40.0,6.0,4.0,32.49775695800781,5.660583972930908,4.254516124725342,8.020439147949219,5.147168159484863,0.6553700566291809,-0.18755607604980473,0.06362903118133545,0.3367398579915364,2.1471681594848633
3.0,40.0,8.0,5.333333333333333,33.642616271972656,4.937618255615234,5.38037109375,9.700407981872559,5.265364170074463,0.8790916204452515,-0.1589345932006836,0.008819580078125,0.21255099773406982,2.265364170074463
3.0,40.0,10.0,6.666666666666667,41.2318000793457,6.110977649688721,6.771136283874512,10.001507759094238,5.3522725105285645,0.6468643546104431,0.03079500198364249,0.01567044258117667,0.00015077590942391694,2.3522725105285645
3.0,40.0,12.0,8.0,40.64766311645508,5.135211944580078,7.298941135406494,10.914255142211914,5.41988468170166,0.5934184789657593,0.016191577911377042,-0.08763235807418823,-0.0904787381490072,2.41988468170166
3.0,40.0,14.0,9.333333333333334,38.706687927246094,4.512401103973389,8.140377044677734,12.774771690368652,5.784002304077148,0.8657962083816528,-0.03233280181884768,-0.12781674521309994,-0.08751630783081055,2.7840023040771484
3.0,40.0,16.0,10.666666666666666,38.82293701171875,5.598266124725342,8.908879280090332,13.964085578918457,5.410840034484863,0.6045935153961182,-0.02942657470703125,-0.16479256749153137,-0.12724465131759644,2.4108400344848633
3.0,50.0,4.0,3.3333333333333335,32.54414367675781,4.396673202514648,3.0736563205718994,5.741494655609131,4.738342761993408,0.4749196171760559,-0.3491171264648437,-0.07790310382843024,0.4353736639022827,1.7383427619934082
3.0,50.0,6.0,5.0,38.86579513549805,4.694132328033447,4.9624223709106445,7.749941349029541,5.143682956695557,0.7689126133918762,-0.22268409729003902,-0.0075155258178710715,0.2916568915049236,2.1436829566955566
3.0,50.0,8.0,6.666666666666667,46.261085510253906,5.578462600708008,6.478358745574951,8.516210556030273,5.016928195953369,0.5130715370178223,-0.07477828979492185,-0.028246188163757346,0.06452631950378418,2.016928195953369
3.0,50.0,10.0,8.333333333333334,47.729339599609375,5.477236747741699,8.302504539489746,10.545169830322266,5.0871806144714355,0.5371659994125366,-0.045413208007812456,-0.0036994552612305,0.05451698303222652,2.0871806144714355
3.0,50.0,12.0,10.0,46.482181549072266,4.709853649139404,9.116195678710938,11.858637809753418,5.0972466468811035,0.5813665390014648,-0.07035636901855469,-0.08838043212890623,-0.011780182520548466,2.0972466468811035
3.0,50.0,14.0,11.666666666666666,51.55647277832031,6.104300022125244,10.191056251525879,12.02657699584961,5.357896327972412,0.5209974050521851,0.03112945556640634,-0.1264808927263532,-0.1409587860107422,2.357896327972412
3.0,50.0,16.0,13.333333333333334,47.71637725830078,5.643180847167969,10.801279067993164,13.700557708740234,5.553423881530762,0.5880898833274841,-0.04567245483398441,-0.18990406990051278,-0.14371514320373535,2.5534238815307617
3.0,60.0,4.0,4.0,44.033531188964844,6.678755283355713,4.000921249389648,5.542534351348877,4.54029655456543,0.4063514173030853,-0.26610781351725266,0.00023031234741210938,0.38563358783721924,1.5402965545654297
3.0,60.0,6.0,6.0,53.740150451660156,5.453006267547607,6.021933555603027,6.792323589324951,4.952773571014404,0.3429555892944336,-0.1043308258056641,0.0036555926005046313,0.13205393155415845,1.9527735710144043
3.0,60.0,8.0,8.0,52.786399841308594,3.956157684326172,7.660260200500488,8.740598678588867,4.908524036407471,0.3256172239780426,-0.12022666931152348,-0.042467474937438965,0.0925748348236084,1.9085240364074707
3.0,60.0,10.0,10.0,55.7772102355957,4.580279350280762,9.707666397094727,10.520452499389648,5.2492218017578125,0.5585006475448608,-0.07037982940673826,-0.029233360290527366,0.052045249938964755,2.2492218017578125
3.0,60.0,12.0,12.0,56.8698844909668,6.051366329193115,11.155508995056152,11.898550987243652,5.053040027618408,0.4070723354816437,-0.05216859181722,-0.0703742504119873,-0.008454084396362305,2.053040027618408
3.0,60.0,14.0,14.0,56.55900573730469,6.39926290512085,12.442442893981934,13.343269348144531,5.259223461151123,0.7066354155540466,-0.057349904378255157,-0.11125407900129047,-0.046909332275390625,2.259223461151123
3.0,60.0,16.0,16.0,58.94586944580078,6.768805980682373,13.248055458068848,13.559914588928223,5.163301467895508,0.7113107442855835,-0.01756884256998703,-0.17199653387069702,-0.15250533819198608,2.163301467895508
3.0,70.0,4.0,4.666666666666667,47.34873580932617,6.923318386077881,4.264139175415039,5.4878058433532715,4.622066497802734,0.37528833746910095,-0.32358948843819757,-0.08625589098249165,0.37195146083831787,1.6220664978027344
3.0,70.0,6.0,7.0,56.95978927612305,5.57407283782959,6.6350531578063965,7.038410663604736,4.866739273071289,0.3786739706993103,-0.18628872462681356,-0.052135263170514756,0.1730684439341228,1.866739273071289
3.0,70.0,8.0,9.333333333333334,60.486141204833984,6.910476207733154,9.178715705871582,9.184610366821289,4.907116413116455,0.5220565795898438,-0.1359122685023717,-0.01656617437090202,0.14807629585266113,1.907116413116455
3.0,70.0,10.0,11.666666666666666,64.70260620117188,7.171548366546631,10.967594146728516,10.236492156982422,4.876586437225342,0.37830081582069397,-0.0756770542689732,-0.05992050170898433,0.023649215698242188,1.8765864372253418
3.0,70.0,12.0,14.0,65.34580993652344,6.728318214416504,12.757956504821777,11.772594451904297,4.955184459686279,0.4144918918609619,-0.06648842947823663,-0.08871739251273014,-0.018950462341308594,1.9551844596862793
3.0,70.0,14.0,16.333333333333332,65.81571960449219,8.793968200683594,14.055704116821289,12.956831932067871,5.0407562255859375,0.409602552652359,-0.05977543422154019,-0.1394466867252271,-0.07451200485229492,2.0407562255859375
3.0,70.0,16.0,18.666666666666668,64.66336059570312,8.724366188049316,14.7840576171875,13.819426536560059,5.224954605102539,0.7576031684875488,-0.07623770577566968,-0.2079969133649554,-0.13628584146499634,2.224954605102539
