tune_half,config,score,n,r_cbf,r_cbv,r_tmax,sp_tmax,hypo_dice,hypo_icc,hypo_bias,core_dice,core_icc,core_bias,defuse3_kappa,hypo_dice_t4,hypo_bias_t4,hypo_dice_t5,hypo_bias_t5,hypo_dice_t6,hypo_bias_t6,hypo_dice_t7,hypo_bias_t7,hypo_dice_t8,hypo_bias_t8,hypo_dice_t9,hypo_bias_t9,hypo_dice_t10,hypo_bias_t10,core_dice_c25,core_dice_c30,core_dice_c35,core_dice_c40,seconds
A,"{""method"": ""bcsvd"", ""lam"": 0.05, ""spatial_sigma_mm"": 1.5}",1.172207438170819,47,0.9651922188526506,0.9832108867375636,0.6607519115689278,0.7569647734229318,0.75248903891365,0.9102909579471358,10.182159374878347,0.41971839925716886,0.8235258551767065,-6.624699437473536,0.49732620320855625,0.6143953157841321,59.99502970898368,0.7027284583521148,30.12809106638764,0.7498800404635806,13.612536491538908,0.7574912419715656,3.1102530956779684,0.7223677818798693,-4.610201984422447,0.6759534649514385,-10.99334079336612,0.6217688973881874,-16.594779446535178,0.23349862435603042,0.4143761506773474,0.50575125413282,0.4418825013101959,175.1
A,"{""method"": ""bcsvd"", ""lam"": 0.05, ""spatial_sigma_mm"": 2.0}",1.329646203798574,47,0.9599692349057986,0.974563495730915,0.6939295729683587,0.7810804282103745,0.7694725665523258,0.9462799752770328,3.3966844820680815,0.5601736372462482,0.9463101317107686,-2.27329917395311,0.7123623011015912,0.6450035828496684,48.40242978954733,0.7267287546678005,19.934085971174497,0.7615540358317333,5.577769959297749,0.7501071100562215,-3.3432150899381927,0.7051605168850101,-10.400984029922133,0.672259290526962,-16.0866853919573,0.6077473814208874,-21.17370487661287,0.361441947050938,0.566042086347225,0.5485327823685939,0.4409531338112807,170.0
A,"{""method"": ""bcsvd"", ""lam"": 0.05, ""spatial_sigma_mm"": 2.5}",1.3317928250879443,47,0.939175560251558,0.9518726435275168,0.6762115412643899,0.7719641205043178,0.7549073186489913,0.9399615163831996,-0.3259503143351384,0.5768855064389529,0.9191174528786664,0.5952818155434356,0.7123623011015912,0.6509392779988968,42.31659472728609,0.7222572108987626,14.963286807638013,0.7466870134469948,1.6828693792175957,0.7258148003828337,-6.640973176040628,0.6978878457204085,-13.281861750210155,0.6452445635649849,-18.701136719081656,0.5779322008383251,-23.664754846773025,0.44367386523120395,0.5805034396729641,0.5166772290212743,0.43369524947618354,171.0
A,"{""method"": ""bcsvd"", ""lam"": 0.1, ""spatial_sigma_mm"": 1.5}",1.5945798041302408,47,0.9763284438693327,0.9832108867375636,0.7964095282026182,0.8602439379538435,0.8293003606531822,0.9447168121024223,5.0443599468785605,0.7652794434770586,0.9759174122000767,-0.6205432077885258,0.727694090382387,0.648965985782023,53.21661872991315,0.7623913587060717,23.270975016774603,0.8229008119787475,6.762897118839331,0.8151538810350955,-3.5979948689899968,0.782034371433241,-11.048350193928453,0.7227505835357817,-16.993763256542415,0.6632256219837968,-21.922363032531624,0.5139203540323997,0.7508153572250306,0.6367573748153509,0.47479835154181926,168.6
A,"{""method"": ""bcsvd"", ""lam"": 0.1, ""spatial_sigma_mm"": 2.0}",1.5645653388978638,47,0.9681313105089632,0.974563495730915,0.7813849089192656,0.8588232343684924,0.8124203359736802,0.9638710908258878,0.6382015666244804,0.7521450029241835,0.9551938827499791,2.7206949704788244,0.7414741474147414,0.6611653736887185,46.48345746709121,0.7631215278547584,18.01087308889167,0.8071253593491945,2.012715583356419,0.8009154427693687,-7.842907288933879,0.7432322636749591,-14.809322924699652,0.6816552999287765,-20.574374523212473,0.6202199307334327,-25.075447147652554,0.6319726556413287,0.7235815319271303,0.5886689287408606,0.4478268841010741,168.1
A,"{""method"": ""bcsvd"", ""lam"": 0.1, ""spatial_sigma_mm"": 2.5}",1.4767614759590675,47,0.945590593425111,0.9518726435275168,0.7374076444725534,0.8324342147306483,0.7831592621266046,0.9610490779139763,-2.1609293762646598,0.6936022138324629,0.9128024280019098,4.149407638680724,0.5774225774225773,0.6587993867455021,43.04387820162194,0.7517280500991107,14.812842566421711,0.7767066947835497,-0.684241876809573,0.7633543142766482,-10.339509944278623,0.7053240854998728,-17.341537637035643,0.6448185925798332,-22.69389845210583,0.5829287348266223,-26.975793317660976,0.6117203676735369,0.699494372682077,0.5738083768312706,0.44913405127037137,172.7
A,"{""method"": ""bcsvd"", ""lam"": 0.15, ""spatial_sigma_mm"": 1.5}",1.5085721796600664,47,0.9777789297701472,0.9832108867375636,0.7832087887962955,0.851592345074051,0.8119397952370951,0.9400254010762046,7.160264625121496,0.6966323844229712,0.9839068036256511,0.5694634877789522,0.7123623011015912,0.6247855570149731,61.31745838371733,0.741775516106463,27.558717631478693,0.806573678378101,8.655510887590237,0.8108944286201173,-3.255774353161779,0.7780407341567436,-11.936326205134664,0.716555760820047,-18.717357413226065,0.6447966662752961,-24.138124166635684,0.5678248978885158,0.7394385727723508,0.6222635223777908,0.4813743319582958,169.2
A,"{""method"": ""bcsvd"", ""lam"": 0.15, ""spatial_sigma_mm"": 2.0}",1.5399588385479825,47,0.9698911696027148,0.974563495730915,0.7663132099811129,0.8491609879416018,0.7977664114377083,0.9496013163201147,3.841176811850375,0.7421924271102741,0.9373521668377399,3.196436458035186,0.7878103837471784,0.6315284590357674,56.32292687802061,0.7435585746804552,23.235957595498252,0.7925303248374316,5.172291307811496,0.7949029586308929,-6.649843760226313,0.7405222106754346,-14.923144325267952,0.6724817104981321,-21.42620926669046,0.5997284864962934,-26.379817120217226,0.6059824645026558,0.7283796502469478,0.6070786506206215,0.4805801598902802,169.9
A,"{""method"": ""bcsvd"", ""lam"": 0.15, ""spatial_sigma_mm"": 2.5}",1.4750541856468238,47,0.9481796265238344,0.9518726435275168,0.731191982646271,0.8280798081065426,0.7775354993143634,0.9452117156154742,1.6302012167229913,0.6975186863324605,0.9037427157647826,4.229452093626695,0.7414741474147414,0.6288188493052878,54.18671670133191,0.733678840023302,21.014717136861243,0.7715569655652941,3.0314162379583274,0.7656788424566017,-8.670483953256033,0.7058467297698365,-17.001358703650176,0.6363917107414576,-23.547245986687166,0.5616123167143323,-28.276989020881572,0.590181381103081,0.7011237537036756,0.5950759981210029,0.4829409864409564,173.9
A,"{""method"": ""osvd"", ""oi_threshold"": 0.05, ""spatial_sigma_mm"": 1.5}",1.4800518027980791,47,0.9762033353684592,0.9832108867375636,0.782124342470901,0.8384347615823987,0.8231625985965406,0.9445448734209999,6.289781888361164,0.6568892042015385,0.902654612242352,4.315637711353001,0.6155419222903885,0.6482880322834232,56.33997678659625,0.7583247872743962,25.017879444408532,0.8150006216422859,7.694286652734928,0.8129493699170762,-2.8510612879761257,0.7868923429958524,-11.047268063201892,0.7319206400013816,-17.233130080491684,0.67146129711841,-22.36277771915079,0.6627622878739391,0.6391967623619587,0.5259539528335845,0.39354352155639083,178.0
A,"{""method"": ""osvd"", ""oi_threshold"": 0.05, ""spatial_sigma_mm"": 2.0}",1.4649051259442676,47,0.9685383063978481,0.974563495730915,0.7720485901514371,0.8385255502430674,0.8081260575723155,0.9704201249666536,0.6843936678149576,0.6567790683719521,0.8962860712962053,6.627671972721959,0.6155419222903885,0.6671278782498172,46.70700563069979,0.7620174880529988,17.3665357649284,0.8023731801644863,1.8528370763838478,0.8003496773238218,-7.672013981954638,0.7508140127565899,-14.893953123442465,0.6897637612166152,-20.79885902841737,0.626867850717024,-25.75649070007433,0.689567648580069,0.6228761082699591,0.5000770355638345,0.39308636985353657,183.7
A,"{""method"": ""osvd"", ""oi_threshold"": 0.05, ""spatial_sigma_mm"": 2.5}",1.3940737809090984,47,0.9462439785542572,0.9518726435275168,0.7294951196308128,0.8151443794086588,0.7777231293971328,0.9622850315330357,-2.551577823262232,0.6163506515119654,0.868435894684131,7.497749004064538,0.5774225774225773,0.6651500285661874,41.73788129624768,0.7481294303431959,13.136016846409943,0.7713650838964149,-1.271942056373287,0.764302541073683,-10.367040645717164,0.71368112299191,-17.46581619170311,0.6537103678097241,-23.076684318169008,0.5856655386752031,-27.86846019686942,0.6638532440794087,0.6106416702313323,0.4885103908603463,0.3965984196242839,184.3
B,"{""method"": ""bcsvd"", ""lam"": 0.05, ""spatial_sigma_mm"": 1.5}",1.1256585682111406,47,0.9688256277090307,0.9812659104825693,0.6574786747567823,0.7826701253456753,0.7516429134656055,0.8887696230332206,6.323040167045172,0.37401565474553516,0.8733769917562016,-5.19005582767361,0.7025316455696202,0.6360805253854417,47.50869863766116,0.7222550988377251,22.533192674156723,0.7448809145386681,7.445191488617294,0.749238087372048,-2.8125154138542747,0.7061421792137351,-10.96354304090835,0.6424028816335686,-17.536121038681213,0.5561653011743685,-23.07893420185415,0.16566981080369528,0.4228983023411225,0.4967887806632803,0.3941814164210967,202.8
B,"{""method"": ""bcsvd"", ""lam"": 0.05, ""spatial_sigma_mm"": 2.0}",1.3178999781042537,47,0.9638614143892448,0.9732244452063517,0.6949941970863056,0.804092417631317,0.7613625571069538,0.9179211990038848,1.7812854681667925,0.5565374209973001,0.9478488399967769,-1.7534396977341258,0.7137637028014615,0.6607982926660053,40.1955887520795,0.7239823138280032,16.323507191714928,0.7561227944318734,2.535679445373048,0.7430835644374044,-6.607659803420484,0.6870223897141886,-14.174030082581792,0.6162650714152071,-20.591415581283282,0.5260912828041111,-25.847375919511332,0.36532024565457344,0.5467270746528954,0.5253880694157608,0.39755044506747966,203.0
B,"{""method"": ""bcsvd"", ""lam"": 0.05, ""spatial_sigma_mm"": 2.5}",1.3191224325309565,47,0.9437052640554793,0.9517612238701962,0.6782730063686084,0.7952252776287796,0.7435634447235533,0.9192179244329898,-0.7350757797722305,0.5755589878074033,0.9562441723403324,0.12276163630767979,0.7314285714285713,0.6490880606849102,36.246326046517964,0.7160729371885035,13.205208569628727,0.7384845430965122,-0.02275437754060532,0.7167296712170095,-8.602655634062522,0.6595756854564467,-15.873752966761833,0.5845784156683295,-22.069250330544573,0.49506963841321755,-27.28024036027112,0.44747656168958927,0.5811504356340897,0.5043808614390691,0.40389400895808125,209.2
B,"{""method"": ""bcsvd"", ""lam"": 0.1, ""spatial_sigma_mm"": 1.5}",1.5938795979262115,47,0.9832314555388805,0.9812659104825693,0.8229604231458897,0.9112027117817137,0.8348128041764017,0.9607335374086436,3.4351030049821962,0.7590667937498099,0.9927609569550677,-0.7014117240748325,0.8816120906801008,0.6630798753847028,49.23618273651731,0.7841176775315503,20.55864309172649,0.8310892974904727,4.001879751120225,0.8243434950027139,-6.539006557569598,0.7331142474822965,-14.192894450754434,0.6569970659426484,-20.049299637690435,0.5807454807079234,-24.85309901710588,0.4847505796839426,0.7769541297691543,0.6533139514517163,0.4535892129750633,206.6
B,"{""method"": ""bcsvd"", ""lam"": 0.1, ""spatial_sigma_mm"": 2.0}",1.572613287806132,47,0.9748638806763221,0.9732244452063517,0.8032328082168956,0.905188156192194,0.8198060590031885,0.9658190678296428,0.25562660304297646,0.7528072288029436,0.986800932162753,1.3783765190486528,0.8816120906801008,0.6675096688071563,45.43312220920681,0.7643911816413465,16.816146298831907,0.816126181623259,0.8232281363617208,0.7861515848850408,-9.287469378080306,0.6922648562638036,-16.589952031689645,0.6166892976946855,-21.956549146367824,0.5452336520155866,-26.659928322469565,0.5856898655467391,0.7676189128407575,0.6139206806760579,0.429320402772675,206.0
B,"{""method"": ""bcsvd"", ""lam"": 0.1, ""spatial_sigma_mm"": 2.5}",1.4745258801248693,47,0.9527828472475836,0.9517612238701962,0.7512392260033663,0.8753709816989257,0.786504835276702,0.9616837811524475,-2.0312749897681797,0.6880210448481674,0.9768944091177024,2.059533787619222,0.7783018867924528,0.6441518838214858,43.41392871657579,0.7483787483584994,14.494935126866393,0.7827483537348439,-1.348710020315147,0.7211127841605902,-11.451253775778133,0.6441646710143396,-18.348149229195705,0.5627598648879227,-23.577132920187648,0.5034417290713957,-28.071305258036823,0.6065012182119981,0.6982531296488329,0.566412367013235,0.4278306852974037,212.1
B,"{""method"": ""bcsvd"", ""lam"": 0.15, ""spatial_sigma_mm"": 1.5}",1.559182103571119,47,0.9806593237545028,0.9812659104825693,0.7712147259488153,0.8751406885956202,0.8065986730680029,0.9114302801307995,4.734666949221217,0.7525834305031163,0.9876786935339457,0.40812768773598407,0.7632241813602014,0.6316242924222613,55.7616008129859,0.7461302070478194,24.214253823943352,0.8030743950733807,5.2346248324549425,0.8095993860707212,-7.5851287103611815,0.714056791316287,-16.97451171722287,0.6170439523120946,-24.529221717472982,0.5281175987769569,-30.49593067421198,0.5573441269395019,0.7808370212697737,0.633642092337462,0.44454338317761233,207.1
B,"{""method"": ""bcsvd"", ""lam"": 0.15, ""spatial_sigma_mm"": 2.0}",1.535107517038722,47,0.9719037164707405,0.9732244452063517,0.753409919423386,0.8726425952759513,0.7987730157995718,0.9181154503990473,2.5336695248736425,0.7363345012391503,0.9807018765906439,1.130501363117037,0.7314285714285713,0.632458776419506,53.59878594360755,0.7264667707595859,21.72972292714825,0.7953989433496196,3.017626987149415,0.7812481798586851,-9.582499061041297,0.6723333072036027,-19.058404666074154,0.5788797039387255,-26.511142180276305,0.47293832069669534,-32.54018062832156,0.5964078340753368,0.7573128680502742,0.6370244627193705,0.4499990713412748,208.2
B,"{""method"": ""bcsvd"", ""lam"": 0.15, ""spatial_sigma_mm"": 2.5}",1.4628606795286478,47,0.9499366734551066,0.9517612238701962,0.7172045196230823,0.8521725309073088,0.7790719086330438,0.9208427218737804,0.9626348094264364,0.6837887708956041,0.97327169504752,1.2718486167186267,0.7314285714285713,0.609098550703754,52.69784792522842,0.712452069376787,20.622414727363218,0.7756746860474703,1.5620272122256975,0.7426176217598469,-11.044824031492178,0.6330411306493007,-20.752141820736515,0.5385140289276106,-28.283343737142413,0.4333299416746542,-34.27450959343086,0.5469362876924927,0.7070076885720973,0.6015409860767712,0.45402049985540394,210.1
B,"{""method"": ""osvd"", ""oi_threshold"": 0.05, ""spatial_sigma_mm"": 1.5}",1.4074960267529257,47,0.9750137609764457,0.9812659104825693,0.7916168736539123,0.8647740745499295,0.8155054959280367,0.9243517551772824,4.191950286647278,0.591990530824889,0.8501378061706321,5.031157757977383,0.4789356984478937,0.6631759317512192,47.638087451046545,0.7700781637343962,20.638757134442322,0.8105811777211572,4.969684556104725,0.8036433453033388,-5.056242901048291,0.7357813621086697,-12.68160938061999,0.6595379723218852,-18.870982633634075,0.5836572427695366,-23.946390292385562,0.6711856643642669,0.6279280367173183,0.45730339057237857,0.3486581360844092,214.0
B,"{""method"": ""osvd"", ""oi_threshold"": 0.05, ""spatial_sigma_mm"": 2.0}",1.4108608804342242,47,0.9673831649189214,0.9732244452063517,0.7806337047098444,0.8631242404364364,0.8030571358301203,0.9356624277006277,0.559342890520818,0.6078037446041038,0.8593784461945508,5.707205564100039,0.5696846388606306,0.679118963145665,41.19054672500876,0.7590013037825089,15.569474815908647,0.7986320824984727,1.1798406341534333,0.7765955121407665,-8.02139677830267,0.7013047312397384,-15.20169802993106,0.6311822037262729,-21.149284367895515,0.5468831086433625,-26.113404313352554,0.6735403814683241,0.6251132154628288,0.4773193701579709,0.359433806909091,214.7
B,"{""method"": ""osvd"", ""oi_threshold"": 0.05, ""spatial_sigma_mm"": 2.5}",1.3655306406924785,47,0.9456120216304368,0.9517612238701962,0.7373566677327286,0.8393324946577544,0.7677767159779921,0.9306991489227294,-2.1206703748298565,0.5977539247144864,0.8599425173747949,5.7728665931910434,0.5696846388606306,0.6618326588268338,37.28500551937427,0.74147436481488,12.526788881038755,0.7637975699375952,-1.3758706587158875,0.7279919059750433,-10.213038612596822,0.6643237583129732,-17.174889990731767,0.5910215523521752,-22.96240568318982,0.5099422023996193,-27.622075941532586,0.6272974665320526,0.6123900517840588,0.46976619845578116,0.3641450864469161,215.6
